index,name,layer,family,role,offset,end,size_bytes,size_mib,size_gib,shape,type
0,output_norm.weight,,global,output_norm,15821408,15832672,11264,0.0107421875,1.049041748046875e-05,2816,0
1,rope_freqs.weight,,global,rope_freqs,15832672,15833696,1024,0.0009765625,9.5367431640625e-07,256,0
2,token_embd.weight,,global,token_embedding,15833696,621386336,605552640,577.5,0.56396484375,2816x262144,14
3,blk.0.attn_k.weight,0,attention,attn_k,621386336,624630368,3244032,3.09375,0.003021240234375,2816x2048,12
4,blk.0.attn_k_norm.weight,0,norm_scale,norm,624630368,624631392,1024,0.0009765625,9.5367431640625e-07,256,0
5,blk.0.attn_norm.weight,0,norm_scale,norm,624631392,624642656,11264,0.0107421875,1.049041748046875e-05,2816,0
6,blk.0.attn_output.weight,0,attention,attn_output,624642656,631130720,6488064,6.1875,0.00604248046875,4096x2816,12
7,blk.0.attn_q.weight,0,attention,attn_q,631130720,637618784,6488064,6.1875,0.00604248046875,2816x4096,12
8,blk.0.attn_q_norm.weight,0,norm_scale,norm,637618784,637619808,1024,0.0009765625,9.5367431640625e-07,256,0
9,blk.0.attn_v.weight,0,attention,attn_v,637619808,642350688,4730880,4.51171875,0.004405975341796875,2816x2048,14
10,blk.0.ffn_down.weight,0,shared_ffn,shared_ffn_down,642350688,648669792,6319104,6.0263671875,0.005885124206542969,2112x2816,8
11,blk.0.ffn_down_exps.scale,0,moe_expert,expert_down_scale,648669792,648670304,512,0.00048828125,4.76837158203125e-07,128,0
12,blk.0.ffn_down_exps.weight,0,moe_expert,expert_down,648670304,918285408,269615104,257.125,0.2510986328125,704x2816x128,8
13,blk.0.ffn_gate.weight,0,shared_ffn,shared_ffn_gate,918285408,921630816,3345408,3.1904296875,0.0031156539916992188,2816x2112,12
14,blk.0.ffn_gate_inp.scale,0,moe_router,router_scale,921630816,921642080,11264,0.0107421875,1.049041748046875e-05,2816,0
15,blk.0.ffn_gate_inp.weight,0,moe_router,router_weight,921642080,923083872,1441792,1.375,0.0013427734375,2816x128,0
16,blk.0.ffn_gate_up_exps.weight,0,moe_expert,expert_gate_up,923083872,1208558688,285474816,272.25,0.265869140625,2816x1408x128,12
17,blk.0.ffn_norm.weight,0,norm_scale,norm,1208558688,1208569952,11264,0.0107421875,1.049041748046875e-05,2816,0
18,blk.0.ffn_up.weight,0,shared_ffn,shared_ffn_up,1208569952,1211915360,3345408,3.1904296875,0.0031156539916992188,2816x2112,12
19,blk.0.layer_output_scale.weight,0,norm_scale,layer_output_scale,1211915360,1211915364,4,3.814697265625e-06,3.725290298461914e-09,1,0
20,blk.0.post_attention_norm.weight,0,norm_scale,norm,1211915392,1211926656,11264,0.0107421875,1.049041748046875e-05,2816,0
21,blk.0.post_ffw_norm.weight,0,norm_scale,norm,1211926656,1211937920,11264,0.0107421875,1.049041748046875e-05,2816,0
22,blk.0.post_ffw_norm_1.weight,0,norm_scale,norm,1211937920,1211949184,11264,0.0107421875,1.049041748046875e-05,2816,0
23,blk.0.post_ffw_norm_2.weight,0,norm_scale,norm,1211949184,1211960448,11264,0.0107421875,1.049041748046875e-05,2816,0
24,blk.0.pre_ffw_norm_2.weight,0,norm_scale,norm,1211960448,1211971712,11264,0.0107421875,1.049041748046875e-05,2816,0
25,blk.1.attn_k.weight,1,attention,attn_k,1211971712,1215215744,3244032,3.09375,0.003021240234375,2816x2048,12
26,blk.1.attn_k_norm.weight,1,norm_scale,norm,1215215744,1215216768,1024,0.0009765625,9.5367431640625e-07,256,0
27,blk.1.attn_norm.weight,1,norm_scale,norm,1215216768,1215228032,11264,0.0107421875,1.049041748046875e-05,2816,0
28,blk.1.attn_output.weight,1,attention,attn_output,1215228032,1221716096,6488064,6.1875,0.00604248046875,4096x2816,12
29,blk.1.attn_q.weight,1,attention,attn_q,1221716096,1228204160,6488064,6.1875,0.00604248046875,2816x4096,12
30,blk.1.attn_q_norm.weight,1,norm_scale,norm,1228204160,1228205184,1024,0.0009765625,9.5367431640625e-07,256,0
31,blk.1.attn_v.weight,1,attention,attn_v,1228205184,1232936064,4730880,4.51171875,0.004405975341796875,2816x2048,14
32,blk.1.ffn_down.weight,1,shared_ffn,shared_ffn_down,1232936064,1239255168,6319104,6.0263671875,0.005885124206542969,2112x2816,8
33,blk.1.ffn_down_exps.scale,1,moe_expert,expert_down_scale,1239255168,1239255680,512,0.00048828125,4.76837158203125e-07,128,0
34,blk.1.ffn_down_exps.weight,1,moe_expert,expert_down,1239255680,1508870784,269615104,257.125,0.2510986328125,704x2816x128,8
35,blk.1.ffn_gate.weight,1,shared_ffn,shared_ffn_gate,1508870784,1512216192,3345408,3.1904296875,0.0031156539916992188,2816x2112,12
36,blk.1.ffn_gate_inp.scale,1,moe_router,router_scale,1512216192,1512227456,11264,0.0107421875,1.049041748046875e-05,2816,0
37,blk.1.ffn_gate_inp.weight,1,moe_router,router_weight,1512227456,1513669248,1441792,1.375,0.0013427734375,2816x128,0
38,blk.1.ffn_gate_up_exps.weight,1,moe_expert,expert_gate_up,1513669248,1799144064,285474816,272.25,0.265869140625,2816x1408x128,12
39,blk.1.ffn_norm.weight,1,norm_scale,norm,1799144064,1799155328,11264,0.0107421875,1.049041748046875e-05,2816,0
40,blk.1.ffn_up.weight,1,shared_ffn,shared_ffn_up,1799155328,1802500736,3345408,3.1904296875,0.0031156539916992188,2816x2112,12
41,blk.1.layer_output_scale.weight,1,norm_scale,layer_output_scale,1802500736,1802500740,4,3.814697265625e-06,3.725290298461914e-09,1,0
42,blk.1.post_attention_norm.weight,1,norm_scale,norm,1802500768,1802512032,11264,0.0107421875,1.049041748046875e-05,2816,0
43,blk.1.post_ffw_norm.weight,1,norm_scale,norm,1802512032,1802523296,11264,0.0107421875,1.049041748046875e-05,2816,0
44,blk.1.post_ffw_norm_1.weight,1,norm_scale,norm,1802523296,1802534560,11264,0.0107421875,1.049041748046875e-05,2816,0
45,blk.1.post_ffw_norm_2.weight,1,norm_scale,norm,1802534560,1802545824,11264,0.0107421875,1.049041748046875e-05,2816,0
46,blk.1.pre_ffw_norm_2.weight,1,norm_scale,norm,1802545824,1802557088,11264,0.0107421875,1.049041748046875e-05,2816,0
47,blk.2.attn_k.weight,2,attention,attn_k,1802557088,1805801120,3244032,3.09375,0.003021240234375,2816x2048,12
48,blk.2.attn_k_norm.weight,2,norm_scale,norm,1805801120,1805802144,1024,0.0009765625,9.5367431640625e-07,256,0
49,blk.2.attn_norm.weight,2,norm_scale,norm,1805802144,1805813408,11264,0.0107421875,1.049041748046875e-05,2816,0
50,blk.2.attn_output.weight,2,attention,attn_output,1805813408,1812301472,6488064,6.1875,0.00604248046875,4096x2816,12
51,blk.2.attn_q.weight,2,attention,attn_q,1812301472,1818789536,6488064,6.1875,0.00604248046875,2816x4096,12
52,blk.2.attn_q_norm.weight,2,norm_scale,norm,1818789536,1818790560,1024,0.0009765625,9.5367431640625e-07,256,0
53,blk.2.attn_v.weight,2,attention,attn_v,1818790560,1823521440,4730880,4.51171875,0.004405975341796875,2816x2048,14
54,blk.2.ffn_down.weight,2,shared_ffn,shared_ffn_down,1823521440,1829840544,6319104,6.0263671875,0.005885124206542969,2112x2816,8
55,blk.2.ffn_down_exps.scale,2,moe_expert,expert_down_scale,1829840544,1829841056,512,0.00048828125,4.76837158203125e-07,128,0
56,blk.2.ffn_down_exps.weight,2,moe_expert,expert_down,1829841056,2099456160,269615104,257.125,0.2510986328125,704x2816x128,8
57,blk.2.ffn_gate.weight,2,shared_ffn,shared_ffn_gate,2099456160,2102801568,3345408,3.1904296875,0.0031156539916992188,2816x2112,12
58,blk.2.ffn_gate_inp.scale,2,moe_router,router_scale,2102801568,2102812832,11264,0.0107421875,1.049041748046875e-05,2816,0
59,blk.2.ffn_gate_inp.weight,2,moe_router,router_weight,2102812832,2104254624,1441792,1.375,0.0013427734375,2816x128,0
60,blk.2.ffn_gate_up_exps.weight,2,moe_expert,expert_gate_up,2104254624,2389729440,285474816,272.25,0.265869140625,2816x1408x128,12
61,blk.2.ffn_norm.weight,2,norm_scale,norm,2389729440,2389740704,11264,0.0107421875,1.049041748046875e-05,2816,0
62,blk.2.ffn_up.weight,2,shared_ffn,shared_ffn_up,2389740704,2393086112,3345408,3.1904296875,0.0031156539916992188,2816x2112,12
63,blk.2.layer_output_scale.weight,2,norm_scale,layer_output_scale,2393086112,2393086116,4,3.814697265625e-06,3.725290298461914e-09,1,0
64,blk.2.post_attention_norm.weight,2,norm_scale,norm,2393086144,2393097408,11264,0.0107421875,1.049041748046875e-05,2816,0
65,blk.2.post_ffw_norm.weight,2,norm_scale,norm,2393097408,2393108672,11264,0.0107421875,1.049041748046875e-05,2816,0
66,blk.2.post_ffw_norm_1.weight,2,norm_scale,norm,2393108672,2393119936,11264,0.0107421875,1.049041748046875e-05,2816,0
67,blk.2.post_ffw_norm_2.weight,2,norm_scale,norm,2393119936,2393131200,11264,0.0107421875,1.049041748046875e-05,2816,0
68,blk.2.pre_ffw_norm_2.weight,2,norm_scale,norm,2393131200,2393142464,11264,0.0107421875,1.049041748046875e-05,2816,0
69,blk.3.attn_k.weight,3,attention,attn_k,2393142464,2396386496,3244032,3.09375,0.003021240234375,2816x2048,12
70,blk.3.attn_k_norm.weight,3,norm_scale,norm,2396386496,2396387520,1024,0.0009765625,9.5367431640625e-07,256,0
71,blk.3.attn_norm.weight,3,norm_scale,norm,2396387520,2396398784,11264,0.0107421875,1.049041748046875e-05,2816,0
72,blk.3.attn_output.weight,3,attention,attn_output,2396398784,2402886848,6488064,6.1875,0.00604248046875,4096x2816,12
73,blk.3.attn_q.weight,3,attention,attn_q,2402886848,2409374912,6488064,6.1875,0.00604248046875,2816x4096,12
74,blk.3.attn_q_norm.weight,3,norm_scale,norm,2409374912,2409375936,1024,0.0009765625,9.5367431640625e-07,256,0
75,blk.3.attn_v.weight,3,attention,attn_v,2409375936,2412619968,3244032,3.09375,0.003021240234375,2816x2048,12
76,blk.3.ffn_down.weight,3,shared_ffn,shared_ffn_down,2412619968,2416708800,4088832,3.8994140625,0.0038080215454101562,2112x2816,6
77,blk.3.ffn_down_exps.scale,3,moe_expert,expert_down_scale,2416708800,2416709312,512,0.00048828125,4.76837158203125e-07,128,0
78,blk.3.ffn_down_exps.weight,3,moe_expert,expert_down,2416709312,2591166144,174456832,166.375,0.1624755859375,704x2816x128,6
79,blk.3.ffn_gate.weight,3,shared_ffn,shared_ffn_gate,2591166144,2594511552,3345408,3.1904296875,0.0031156539916992188,2816x2112,12
80,blk.3.ffn_gate_inp.scale,3,moe_router,router_scale,2594511552,2594522816,11264,0.0107421875,1.049041748046875e-05,2816,0
81,blk.3.ffn_gate_inp.weight,3,moe_router,router_weight,2594522816,2595964608,1441792,1.375,0.0013427734375,2816x128,0
82,blk.3.ffn_gate_up_exps.weight,3,moe_expert,expert_gate_up,2595964608,2881439424,285474816,272.25,0.265869140625,2816x1408x128,12
83,blk.3.ffn_norm.weight,3,norm_scale,norm,2881439424,2881450688,11264,0.0107421875,1.049041748046875e-05,2816,0
84,blk.3.ffn_up.weight,3,shared_ffn,shared_ffn_up,2881450688,2884796096,3345408,3.1904296875,0.0031156539916992188,2816x2112,12
85,blk.3.layer_output_scale.weight,3,norm_scale,layer_output_scale,2884796096,2884796100,4,3.814697265625e-06,3.725290298461914e-09,1,0
86,blk.3.post_attention_norm.weight,3,norm_scale,norm,2884796128,2884807392,11264,0.0107421875,1.049041748046875e-05,2816,0
87,blk.3.post_ffw_norm.weight,3,norm_scale,norm,2884807392,2884818656,11264,0.0107421875,1.049041748046875e-05,2816,0
88,blk.3.post_ffw_norm_1.weight,3,norm_scale,norm,2884818656,2884829920,11264,0.0107421875,1.049041748046875e-05,2816,0
89,blk.3.post_ffw_norm_2.weight,3,norm_scale,norm,2884829920,2884841184,11264,0.0107421875,1.049041748046875e-05,2816,0
90,blk.3.pre_ffw_norm_2.weight,3,norm_scale,norm,2884841184,2884852448,11264,0.0107421875,1.049041748046875e-05,2816,0
91,blk.4.attn_k.weight,4,attention,attn_k,2884852448,2888096480,3244032,3.09375,0.003021240234375,2816x2048,12
92,blk.4.attn_k_norm.weight,4,norm_scale,norm,2888096480,2888097504,1024,0.0009765625,9.5367431640625e-07,256,0
93,blk.4.attn_norm.weight,4,norm_scale,norm,2888097504,2888108768,11264,0.0107421875,1.049041748046875e-05,2816,0
94,blk.4.attn_output.weight,4,attention,attn_output,2888108768,2894596832,6488064,6.1875,0.00604248046875,4096x2816,12
95,blk.4.attn_q.weight,4,attention,attn_q,2894596832,2901084896,6488064,6.1875,0.00604248046875,2816x4096,12
96,blk.4.attn_q_norm.weight,4,norm_scale,norm,2901084896,2901085920,1024,0.0009765625,9.5367431640625e-07,256,0
97,blk.4.attn_v.weight,4,attention,attn_v,2901085920,2904329952,3244032,3.09375,0.003021240234375,2816x2048,12
98,blk.4.ffn_down.weight,4,shared_ffn,shared_ffn_down,2904329952,2908418784,4088832,3.8994140625,0.0038080215454101562,2112x2816,6
99,blk.4.ffn_down_exps.scale,4,moe_expert,expert_down_scale,2908418784,2908419296,512,0.00048828125,4.76837158203125e-07,128,0
100,blk.4.ffn_down_exps.weight,4,moe_expert,expert_down,2908419296,3082876128,174456832,166.375,0.1624755859375,704x2816x128,6
101,blk.4.ffn_gate.weight,4,shared_ffn,shared_ffn_gate,3082876128,3086221536,3345408,3.1904296875,0.0031156539916992188,2816x2112,12
102,blk.4.ffn_gate_inp.scale,4,moe_router,router_scale,3086221536,3086232800,11264,0.0107421875,1.049041748046875e-05,2816,0
103,blk.4.ffn_gate_inp.weight,4,moe_router,router_weight,3086232800,3087674592,1441792,1.375,0.0013427734375,2816x128,0
104,blk.4.ffn_gate_up_exps.weight,4,moe_expert,expert_gate_up,3087674592,3373149408,285474816,272.25,0.265869140625,2816x1408x128,12
105,blk.4.ffn_norm.weight,4,norm_scale,norm,3373149408,3373160672,11264,0.0107421875,1.049041748046875e-05,2816,0
106,blk.4.ffn_up.weight,4,shared_ffn,shared_ffn_up,3373160672,3376506080,3345408,3.1904296875,0.0031156539916992188,2816x2112,12
107,blk.4.layer_output_scale.weight,4,norm_scale,layer_output_scale,3376506080,3376506084,4,3.814697265625e-06,3.725290298461914e-09,1,0
108,blk.4.post_attention_norm.weight,4,norm_scale,norm,3376506112,3376517376,11264,0.0107421875,1.049041748046875e-05,2816,0
109,blk.4.post_ffw_norm.weight,4,norm_scale,norm,3376517376,3376528640,11264,0.0107421875,1.049041748046875e-05,2816,0
110,blk.4.post_ffw_norm_1.weight,4,norm_scale,norm,3376528640,3376539904,11264,0.0107421875,1.049041748046875e-05,2816,0
111,blk.4.post_ffw_norm_2.weight,4,norm_scale,norm,3376539904,3376551168,11264,0.0107421875,1.049041748046875e-05,2816,0
112,blk.4.pre_ffw_norm_2.weight,4,norm_scale,norm,3376551168,3376562432,11264,0.0107421875,1.049041748046875e-05,2816,0
113,blk.5.attn_k.weight,5,attention,attn_k,3376562432,3378184448,1622016,1.546875,0.0015106201171875,2816x1024,12
114,blk.5.attn_k_norm.weight,5,norm_scale,norm,3378184448,3378186496,2048,0.001953125,1.9073486328125e-06,512,0
115,blk.5.attn_norm.weight,5,norm_scale,norm,3378186496,3378197760,11264,0.0107421875,1.049041748046875e-05,2816,0
116,blk.5.attn_output.weight,5,attention,attn_output,3378197760,3391173888,12976128,12.375,0.0120849609375,8192x2816,12
117,blk.5.attn_q.weight,5,attention,attn_q,3391173888,3404150016,12976128,12.375,0.0120849609375,2816x8192,12
118,blk.5.attn_q_norm.weight,5,norm_scale,norm,3404150016,3404152064,2048,0.001953125,1.9073486328125e-06,512,0
119,blk.5.ffn_down.weight,5,shared_ffn,shared_ffn_down,3404152064,3410471168,6319104,6.0263671875,0.005885124206542969,2112x2816,8
120,blk.5.ffn_down_exps.scale,5,moe_expert,expert_down_scale,3410471168,3410471680,512,0.00048828125,4.76837158203125e-07,128,0
121,blk.5.ffn_down_exps.weight,5,moe_expert,expert_down,3410471680,3680086784,269615104,257.125,0.2510986328125,704x2816x128,8
122,blk.5.ffn_gate.weight,5,shared_ffn,shared_ffn_gate,3680086784,3683432192,3345408,3.1904296875,0.0031156539916992188,2816x2112,12
123,blk.5.ffn_gate_inp.scale,5,moe_router,router_scale,3683432192,3683443456,11264,0.0107421875,1.049041748046875e-05,2816,0
124,blk.5.ffn_gate_inp.weight,5,moe_router,router_weight,3683443456,3684885248,1441792,1.375,0.0013427734375,2816x128,0
125,blk.5.ffn_gate_up_exps.weight,5,moe_expert,expert_gate_up,3684885248,3970360064,285474816,272.25,0.265869140625,2816x1408x128,12
126,blk.5.ffn_norm.weight,5,norm_scale,norm,3970360064,3970371328,11264,0.0107421875,1.049041748046875e-05,2816,0
127,blk.5.ffn_up.weight,5,shared_ffn,shared_ffn_up,3970371328,3973716736,3345408,3.1904296875,0.0031156539916992188,2816x2112,12
128,blk.5.layer_output_scale.weight,5,norm_scale,layer_output_scale,3973716736,3973716740,4,3.814697265625e-06,3.725290298461914e-09,1,0
129,blk.5.post_attention_norm.weight,5,norm_scale,norm,3973716768,3973728032,11264,0.0107421875,1.049041748046875e-05,2816,0
130,blk.5.post_ffw_norm.weight,5,norm_scale,norm,3973728032,3973739296,11264,0.0107421875,1.049041748046875e-05,2816,0
131,blk.5.post_ffw_norm_1.weight,5,norm_scale,norm,3973739296,3973750560,11264,0.0107421875,1.049041748046875e-05,2816,0
132,blk.5.post_ffw_norm_2.weight,5,norm_scale,norm,3973750560,3973761824,11264,0.0107421875,1.049041748046875e-05,2816,0
133,blk.5.pre_ffw_norm_2.weight,5,norm_scale,norm,3973761824,3973773088,11264,0.0107421875,1.049041748046875e-05,2816,0
134,blk.6.attn_k.weight,6,attention,attn_k,3973773088,3977017120,3244032,3.09375,0.003021240234375,2816x2048,12
135,blk.6.attn_k_norm.weight,6,norm_scale,norm,3977017120,3977018144,1024,0.0009765625,9.5367431640625e-07,256,0
136,blk.6.attn_norm.weight,6,norm_scale,norm,3977018144,3977029408,11264,0.0107421875,1.049041748046875e-05,2816,0
137,blk.6.attn_output.weight,6,attention,attn_output,3977029408,3983517472,6488064,6.1875,0.00604248046875,4096x2816,12
138,blk.6.attn_q.weight,6,attention,attn_q,3983517472,3990005536,6488064,6.1875,0.00604248046875,2816x4096,12
139,blk.6.attn_q_norm.weight,6,norm_scale,norm,3990005536,3990006560,1024,0.0009765625,9.5367431640625e-07,256,0
140,blk.6.attn_v.weight,6,attention,attn_v,3990006560,3994737440,4730880,4.51171875,0.004405975341796875,2816x2048,14
141,blk.6.ffn_down.weight,6,shared_ffn,shared_ffn_down,3994737440,3998826272,4088832,3.8994140625,0.0038080215454101562,2112x2816,6
142,blk.6.ffn_down_exps.scale,6,moe_expert,expert_down_scale,3998826272,3998826784,512,0.00048828125,4.76837158203125e-07,128,0
143,blk.6.ffn_down_exps.weight,6,moe_expert,expert_down,3998826784,4173283616,174456832,166.375,0.1624755859375,704x2816x128,6
144,blk.6.ffn_gate.weight,6,shared_ffn,shared_ffn_gate,4173283616,4176629024,3345408,3.1904296875,0.0031156539916992188,2816x2112,12
145,blk.6.ffn_gate_inp.scale,6,moe_router,router_scale,4176629024,4176640288,11264,0.0107421875,1.049041748046875e-05,2816,0
146,blk.6.ffn_gate_inp.weight,6,moe_router,router_weight,4176640288,4178082080,1441792,1.375,0.0013427734375,2816x128,0
147,blk.6.ffn_gate_up_exps.weight,6,moe_expert,expert_gate_up,4178082080,4463556896,285474816,272.25,0.265869140625,2816x1408x128,12
148,blk.6.ffn_norm.weight,6,norm_scale,norm,4463556896,4463568160,11264,0.0107421875,1.049041748046875e-05,2816,0
149,blk.6.ffn_up.weight,6,shared_ffn,shared_ffn_up,4463568160,4466913568,3345408,3.1904296875,0.0031156539916992188,2816x2112,12
150,blk.6.layer_output_scale.weight,6,norm_scale,layer_output_scale,4466913568,4466913572,4,3.814697265625e-06,3.725290298461914e-09,1,0
151,blk.6.post_attention_norm.weight,6,norm_scale,norm,4466913600,4466924864,11264,0.0107421875,1.049041748046875e-05,2816,0
152,blk.6.post_ffw_norm.weight,6,norm_scale,norm,4466924864,4466936128,11264,0.0107421875,1.049041748046875e-05,2816,0
153,blk.6.post_ffw_norm_1.weight,6,norm_scale,norm,4466936128,4466947392,11264,0.0107421875,1.049041748046875e-05,2816,0
154,blk.6.post_ffw_norm_2.weight,6,norm_scale,norm,4466947392,4466958656,11264,0.0107421875,1.049041748046875e-05,2816,0
155,blk.6.pre_ffw_norm_2.weight,6,norm_scale,norm,4466958656,4466969920,11264,0.0107421875,1.049041748046875e-05,2816,0
156,blk.7.attn_k.weight,7,attention,attn_k,4466969920,4470213952,3244032,3.09375,0.003021240234375,2816x2048,12
157,blk.7.attn_k_norm.weight,7,norm_scale,norm,4470213952,4470214976,1024,0.0009765625,9.5367431640625e-07,256,0
158,blk.7.attn_norm.weight,7,norm_scale,norm,4470214976,4470226240,11264,0.0107421875,1.049041748046875e-05,2816,0
159,blk.7.attn_output.weight,7,attention,attn_output,4470226240,4476714304,6488064,6.1875,0.00604248046875,4096x2816,12
160,blk.7.attn_q.weight,7,attention,attn_q,4476714304,4483202368,6488064,6.1875,0.00604248046875,2816x4096,12
161,blk.7.attn_q_norm.weight,7,norm_scale,norm,4483202368,4483203392,1024,0.0009765625,9.5367431640625e-07,256,0
162,blk.7.attn_v.weight,7,attention,attn_v,4483203392,4486447424,3244032,3.09375,0.003021240234375,2816x2048,12
163,blk.7.ffn_down.weight,7,shared_ffn,shared_ffn_down,4486447424,4490536256,4088832,3.8994140625,0.0038080215454101562,2112x2816,6
164,blk.7.ffn_down_exps.scale,7,moe_expert,expert_down_scale,4490536256,4490536768,512,0.00048828125,4.76837158203125e-07,128,0
165,blk.7.ffn_down_exps.weight,7,moe_expert,expert_down,4490536768,4664993600,174456832,166.375,0.1624755859375,704x2816x128,6
166,blk.7.ffn_gate.weight,7,shared_ffn,shared_ffn_gate,4664993600,4668339008,3345408,3.1904296875,0.0031156539916992188,2816x2112,12
167,blk.7.ffn_gate_inp.scale,7,moe_router,router_scale,4668339008,4668350272,11264,0.0107421875,1.049041748046875e-05,2816,0
168,blk.7.ffn_gate_inp.weight,7,moe_router,router_weight,4668350272,4669792064,1441792,1.375,0.0013427734375,2816x128,0
169,blk.7.ffn_gate_up_exps.weight,7,moe_expert,expert_gate_up,4669792064,4955266880,285474816,272.25,0.265869140625,2816x1408x128,12
170,blk.7.ffn_norm.weight,7,norm_scale,norm,4955266880,4955278144,11264,0.0107421875,1.049041748046875e-05,2816,0
171,blk.7.ffn_up.weight,7,shared_ffn,shared_ffn_up,4955278144,4958623552,3345408,3.1904296875,0.0031156539916992188,2816x2112,12
172,blk.7.layer_output_scale.weight,7,norm_scale,layer_output_scale,4958623552,4958623556,4,3.814697265625e-06,3.725290298461914e-09,1,0
173,blk.7.post_attention_norm.weight,7,norm_scale,norm,4958623584,4958634848,11264,0.0107421875,1.049041748046875e-05,2816,0
174,blk.7.post_ffw_norm.weight,7,norm_scale,norm,4958634848,4958646112,11264,0.0107421875,1.049041748046875e-05,2816,0
175,blk.7.post_ffw_norm_1.weight,7,norm_scale,norm,4958646112,4958657376,11264,0.0107421875,1.049041748046875e-05,2816,0
176,blk.7.post_ffw_norm_2.weight,7,norm_scale,norm,4958657376,4958668640,11264,0.0107421875,1.049041748046875e-05,2816,0
177,blk.7.pre_ffw_norm_2.weight,7,norm_scale,norm,4958668640,4958679904,11264,0.0107421875,1.049041748046875e-05,2816,0
178,blk.8.attn_k.weight,8,attention,attn_k,4958679904,4961923936,3244032,3.09375,0.003021240234375,2816x2048,12
179,blk.8.attn_k_norm.weight,8,norm_scale,norm,4961923936,4961924960,1024,0.0009765625,9.5367431640625e-07,256,0
180,blk.8.attn_norm.weight,8,norm_scale,norm,4961924960,4961936224,11264,0.0107421875,1.049041748046875e-05,2816,0
181,blk.8.attn_output.weight,8,attention,attn_output,4961936224,4968424288,6488064,6.1875,0.00604248046875,4096x2816,12
182,blk.8.attn_q.weight,8,attention,attn_q,4968424288,4974912352,6488064,6.1875,0.00604248046875,2816x4096,12
183,blk.8.attn_q_norm.weight,8,norm_scale,norm,4974912352,4974913376,1024,0.0009765625,9.5367431640625e-07,256,0
184,blk.8.attn_v.weight,8,attention,attn_v,4974913376,4978157408,3244032,3.09375,0.003021240234375,2816x2048,12
185,blk.8.ffn_down.weight,8,shared_ffn,shared_ffn_down,4978157408,4984476512,6319104,6.0263671875,0.005885124206542969,2112x2816,8
186,blk.8.ffn_down_exps.scale,8,moe_expert,expert_down_scale,4984476512,4984477024,512,0.00048828125,4.76837158203125e-07,128,0
187,blk.8.ffn_down_exps.weight,8,moe_expert,expert_down,4984477024,5254092128,269615104,257.125,0.2510986328125,704x2816x128,8
188,blk.8.ffn_gate.weight,8,shared_ffn,shared_ffn_gate,5254092128,5257437536,3345408,3.1904296875,0.0031156539916992188,2816x2112,12
189,blk.8.ffn_gate_inp.scale,8,moe_router,router_scale,5257437536,5257448800,11264,0.0107421875,1.049041748046875e-05,2816,0
190,blk.8.ffn_gate_inp.weight,8,moe_router,router_weight,5257448800,5258890592,1441792,1.375,0.0013427734375,2816x128,0
191,blk.8.ffn_gate_up_exps.weight,8,moe_expert,expert_gate_up,5258890592,5544365408,285474816,272.25,0.265869140625,2816x1408x128,12
192,blk.8.ffn_norm.weight,8,norm_scale,norm,5544365408,5544376672,11264,0.0107421875,1.049041748046875e-05,2816,0
193,blk.8.ffn_up.weight,8,shared_ffn,shared_ffn_up,5544376672,5547722080,3345408,3.1904296875,0.0031156539916992188,2816x2112,12
194,blk.8.layer_output_scale.weight,8,norm_scale,layer_output_scale,5547722080,5547722084,4,3.814697265625e-06,3.725290298461914e-09,1,0
195,blk.8.post_attention_norm.weight,8,norm_scale,norm,5547722112,5547733376,11264,0.0107421875,1.049041748046875e-05,2816,0
196,blk.8.post_ffw_norm.weight,8,norm_scale,norm,5547733376,5547744640,11264,0.0107421875,1.049041748046875e-05,2816,0
197,blk.8.post_ffw_norm_1.weight,8,norm_scale,norm,5547744640,5547755904,11264,0.0107421875,1.049041748046875e-05,2816,0
198,blk.8.post_ffw_norm_2.weight,8,norm_scale,norm,5547755904,5547767168,11264,0.0107421875,1.049041748046875e-05,2816,0
199,blk.8.pre_ffw_norm_2.weight,8,norm_scale,norm,5547767168,5547778432,11264,0.0107421875,1.049041748046875e-05,2816,0
200,blk.9.attn_k.weight,9,attention,attn_k,5547778432,5551022464,3244032,3.09375,0.003021240234375,2816x2048,12
201,blk.9.attn_k_norm.weight,9,norm_scale,norm,5551022464,5551023488,1024,0.0009765625,9.5367431640625e-07,256,0
202,blk.9.attn_norm.weight,9,norm_scale,norm,5551023488,5551034752,11264,0.0107421875,1.049041748046875e-05,2816,0
203,blk.9.attn_output.weight,9,attention,attn_output,5551034752,5557522816,6488064,6.1875,0.00604248046875,4096x2816,12
204,blk.9.attn_q.weight,9,attention,attn_q,5557522816,5564010880,6488064,6.1875,0.00604248046875,2816x4096,12
205,blk.9.attn_q_norm.weight,9,norm_scale,norm,5564010880,5564011904,1024,0.0009765625,9.5367431640625e-07,256,0
206,blk.9.attn_v.weight,9,attention,attn_v,5564011904,5568742784,4730880,4.51171875,0.004405975341796875,2816x2048,14
207,blk.9.ffn_down.weight,9,shared_ffn,shared_ffn_down,5568742784,5572831616,4088832,3.8994140625,0.0038080215454101562,2112x2816,6
208,blk.9.ffn_down_exps.scale,9,moe_expert,expert_down_scale,5572831616,5572832128,512,0.00048828125,4.76837158203125e-07,128,0
209,blk.9.ffn_down_exps.weight,9,moe_expert,expert_down,5572832128,5747288960,174456832,166.375,0.1624755859375,704x2816x128,6
210,blk.9.ffn_gate.weight,9,shared_ffn,shared_ffn_gate,5747288960,5750634368,3345408,3.1904296875,0.0031156539916992188,2816x2112,12
211,blk.9.ffn_gate_inp.scale,9,moe_router,router_scale,5750634368,5750645632,11264,0.0107421875,1.049041748046875e-05,2816,0
212,blk.9.ffn_gate_inp.weight,9,moe_router,router_weight,5750645632,5752087424,1441792,1.375,0.0013427734375,2816x128,0
213,blk.9.ffn_gate_up_exps.weight,9,moe_expert,expert_gate_up,5752087424,6037562240,285474816,272.25,0.265869140625,2816x1408x128,12
214,blk.9.ffn_norm.weight,9,norm_scale,norm,6037562240,6037573504,11264,0.0107421875,1.049041748046875e-05,2816,0
215,blk.9.ffn_up.weight,9,shared_ffn,shared_ffn_up,6037573504,6040918912,3345408,3.1904296875,0.0031156539916992188,2816x2112,12
216,blk.9.layer_output_scale.weight,9,norm_scale,layer_output_scale,6040918912,6040918916,4,3.814697265625e-06,3.725290298461914e-09,1,0
217,blk.9.post_attention_norm.weight,9,norm_scale,norm,6040918944,6040930208,11264,0.0107421875,1.049041748046875e-05,2816,0
218,blk.9.post_ffw_norm.weight,9,norm_scale,norm,6040930208,6040941472,11264,0.0107421875,1.049041748046875e-05,2816,0
219,blk.9.post_ffw_norm_1.weight,9,norm_scale,norm,6040941472,6040952736,11264,0.0107421875,1.049041748046875e-05,2816,0
220,blk.9.post_ffw_norm_2.weight,9,norm_scale,norm,6040952736,6040964000,11264,0.0107421875,1.049041748046875e-05,2816,0
221,blk.9.pre_ffw_norm_2.weight,9,norm_scale,norm,6040964000,6040975264,11264,0.0107421875,1.049041748046875e-05,2816,0
222,blk.10.attn_k.weight,10,attention,attn_k,6040975264,6044219296,3244032,3.09375,0.003021240234375,2816x2048,12
223,blk.10.attn_k_norm.weight,10,norm_scale,norm,6044219296,6044220320,1024,0.0009765625,9.5367431640625e-07,256,0
224,blk.10.attn_norm.weight,10,norm_scale,norm,6044220320,6044231584,11264,0.0107421875,1.049041748046875e-05,2816,0
225,blk.10.attn_output.weight,10,attention,attn_output,6044231584,6050719648,6488064,6.1875,0.00604248046875,4096x2816,12
226,blk.10.attn_q.weight,10,attention,attn_q,6050719648,6057207712,6488064,6.1875,0.00604248046875,2816x4096,12
227,blk.10.attn_q_norm.weight,10,norm_scale,norm,6057207712,6057208736,1024,0.0009765625,9.5367431640625e-07,256,0
228,blk.10.attn_v.weight,10,attention,attn_v,6057208736,6060452768,3244032,3.09375,0.003021240234375,2816x2048,12
229,blk.10.ffn_down.weight,10,shared_ffn,shared_ffn_down,6060452768,6064541600,4088832,3.8994140625,0.0038080215454101562,2112x2816,6
230,blk.10.ffn_down_exps.scale,10,moe_expert,expert_down_scale,6064541600,6064542112,512,0.00048828125,4.76837158203125e-07,128,0
231,blk.10.ffn_down_exps.weight,10,moe_expert,expert_down,6064542112,6238998944,174456832,166.375,0.1624755859375,704x2816x128,6
232,blk.10.ffn_gate.weight,10,shared_ffn,shared_ffn_gate,6238998944,6242344352,3345408,3.1904296875,0.0031156539916992188,2816x2112,12
233,blk.10.ffn_gate_inp.scale,10,moe_router,router_scale,6242344352,6242355616,11264,0.0107421875,1.049041748046875e-05,2816,0
234,blk.10.ffn_gate_inp.weight,10,moe_router,router_weight,6242355616,6243797408,1441792,1.375,0.0013427734375,2816x128,0
235,blk.10.ffn_gate_up_exps.weight,10,moe_expert,expert_gate_up,6243797408,6529272224,285474816,272.25,0.265869140625,2816x1408x128,12
236,blk.10.ffn_norm.weight,10,norm_scale,norm,6529272224,6529283488,11264,0.0107421875,1.049041748046875e-05,2816,0
237,blk.10.ffn_up.weight,10,shared_ffn,shared_ffn_up,6529283488,6532628896,3345408,3.1904296875,0.0031156539916992188,2816x2112,12
238,blk.10.layer_output_scale.weight,10,norm_scale,layer_output_scale,6532628896,6532628900,4,3.814697265625e-06,3.725290298461914e-09,1,0
239,blk.10.post_attention_norm.weight,10,norm_scale,norm,6532628928,6532640192,11264,0.0107421875,1.049041748046875e-05,2816,0
240,blk.10.post_ffw_norm.weight,10,norm_scale,norm,6532640192,6532651456,11264,0.0107421875,1.049041748046875e-05,2816,0
241,blk.10.post_ffw_norm_1.weight,10,norm_scale,norm,6532651456,6532662720,11264,0.0107421875,1.049041748046875e-05,2816,0
242,blk.10.post_ffw_norm_2.weight,10,norm_scale,norm,6532662720,6532673984,11264,0.0107421875,1.049041748046875e-05,2816,0
243,blk.10.pre_ffw_norm_2.weight,10,norm_scale,norm,6532673984,6532685248,11264,0.0107421875,1.049041748046875e-05,2816,0
244,blk.11.attn_k.weight,11,attention,attn_k,6532685248,6534307264,1622016,1.546875,0.0015106201171875,2816x1024,12
245,blk.11.attn_k_norm.weight,11,norm_scale,norm,6534307264,6534309312,2048,0.001953125,1.9073486328125e-06,512,0
246,blk.11.attn_norm.weight,11,norm_scale,norm,6534309312,6534320576,11264,0.0107421875,1.049041748046875e-05,2816,0
247,blk.11.attn_output.weight,11,attention,attn_output,6534320576,6547296704,12976128,12.375,0.0120849609375,8192x2816,12
248,blk.11.attn_q.weight,11,attention,attn_q,6547296704,6560272832,12976128,12.375,0.0120849609375,2816x8192,12
249,blk.11.attn_q_norm.weight,11,norm_scale,norm,6560272832,6560274880,2048,0.001953125,1.9073486328125e-06,512,0
250,blk.11.ffn_down.weight,11,shared_ffn,shared_ffn_down,6560274880,6566593984,6319104,6.0263671875,0.005885124206542969,2112x2816,8
251,blk.11.ffn_down_exps.scale,11,moe_expert,expert_down_scale,6566593984,6566594496,512,0.00048828125,4.76837158203125e-07,128,0
252,blk.11.ffn_down_exps.weight,11,moe_expert,expert_down,6566594496,6836209600,269615104,257.125,0.2510986328125,704x2816x128,8
253,blk.11.ffn_gate.weight,11,shared_ffn,shared_ffn_gate,6836209600,6839555008,3345408,3.1904296875,0.0031156539916992188,2816x2112,12
254,blk.11.ffn_gate_inp.scale,11,moe_router,router_scale,6839555008,6839566272,11264,0.0107421875,1.049041748046875e-05,2816,0
255,blk.11.ffn_gate_inp.weight,11,moe_router,router_weight,6839566272,6841008064,1441792,1.375,0.0013427734375,2816x128,0
256,blk.11.ffn_gate_up_exps.weight,11,moe_expert,expert_gate_up,6841008064,7126482880,285474816,272.25,0.265869140625,2816x1408x128,12
257,blk.11.ffn_norm.weight,11,norm_scale,norm,7126482880,7126494144,11264,0.0107421875,1.049041748046875e-05,2816,0
258,blk.11.ffn_up.weight,11,shared_ffn,shared_ffn_up,7126494144,7129839552,3345408,3.1904296875,0.0031156539916992188,2816x2112,12
259,blk.11.layer_output_scale.weight,11,norm_scale,layer_output_scale,7129839552,7129839556,4,3.814697265625e-06,3.725290298461914e-09,1,0
260,blk.11.post_attention_norm.weight,11,norm_scale,norm,7129839584,7129850848,11264,0.0107421875,1.049041748046875e-05,2816,0
261,blk.11.post_ffw_norm.weight,11,norm_scale,norm,7129850848,7129862112,11264,0.0107421875,1.049041748046875e-05,2816,0
262,blk.11.post_ffw_norm_1.weight,11,norm_scale,norm,7129862112,7129873376,11264,0.0107421875,1.049041748046875e-05,2816,0
263,blk.11.post_ffw_norm_2.weight,11,norm_scale,norm,7129873376,7129884640,11264,0.0107421875,1.049041748046875e-05,2816,0
264,blk.11.pre_ffw_norm_2.weight,11,norm_scale,norm,7129884640,7129895904,11264,0.0107421875,1.049041748046875e-05,2816,0
265,blk.12.attn_k.weight,12,attention,attn_k,7129895904,7133139936,3244032,3.09375,0.003021240234375,2816x2048,12
266,blk.12.attn_k_norm.weight,12,norm_scale,norm,7133139936,7133140960,1024,0.0009765625,9.5367431640625e-07,256,0
267,blk.12.attn_norm.weight,12,norm_scale,norm,7133140960,7133152224,11264,0.0107421875,1.049041748046875e-05,2816,0
268,blk.12.attn_output.weight,12,attention,attn_output,7133152224,7139640288,6488064,6.1875,0.00604248046875,4096x2816,12
269,blk.12.attn_q.weight,12,attention,attn_q,7139640288,7146128352,6488064,6.1875,0.00604248046875,2816x4096,12
270,blk.12.attn_q_norm.weight,12,norm_scale,norm,7146128352,7146129376,1024,0.0009765625,9.5367431640625e-07,256,0
271,blk.12.attn_v.weight,12,attention,attn_v,7146129376,7149373408,3244032,3.09375,0.003021240234375,2816x2048,12
272,blk.12.ffn_down.weight,12,shared_ffn,shared_ffn_down,7149373408,7153462240,4088832,3.8994140625,0.0038080215454101562,2112x2816,6
273,blk.12.ffn_down_exps.scale,12,moe_expert,expert_down_scale,7153462240,7153462752,512,0.00048828125,4.76837158203125e-07,128,0
274,blk.12.ffn_down_exps.weight,12,moe_expert,expert_down,7153462752,7327919584,174456832,166.375,0.1624755859375,704x2816x128,6
275,blk.12.ffn_gate.weight,12,shared_ffn,shared_ffn_gate,7327919584,7331264992,3345408,3.1904296875,0.0031156539916992188,2816x2112,12
276,blk.12.ffn_gate_inp.scale,12,moe_router,router_scale,7331264992,7331276256,11264,0.0107421875,1.049041748046875e-05,2816,0
277,blk.12.ffn_gate_inp.weight,12,moe_router,router_weight,7331276256,7332718048,1441792,1.375,0.0013427734375,2816x128,0
278,blk.12.ffn_gate_up_exps.weight,12,moe_expert,expert_gate_up,7332718048,7618192864,285474816,272.25,0.265869140625,2816x1408x128,12
279,blk.12.ffn_norm.weight,12,norm_scale,norm,7618192864,7618204128,11264,0.0107421875,1.049041748046875e-05,2816,0
280,blk.12.ffn_up.weight,12,shared_ffn,shared_ffn_up,7618204128,7621549536,3345408,3.1904296875,0.0031156539916992188,2816x2112,12
281,blk.12.layer_output_scale.weight,12,norm_scale,layer_output_scale,7621549536,7621549540,4,3.814697265625e-06,3.725290298461914e-09,1,0
282,blk.12.post_attention_norm.weight,12,norm_scale,norm,7621549568,7621560832,11264,0.0107421875,1.049041748046875e-05,2816,0
283,blk.12.post_ffw_norm.weight,12,norm_scale,norm,7621560832,7621572096,11264,0.0107421875,1.049041748046875e-05,2816,0
284,blk.12.post_ffw_norm_1.weight,12,norm_scale,norm,7621572096,7621583360,11264,0.0107421875,1.049041748046875e-05,2816,0
285,blk.12.post_ffw_norm_2.weight,12,norm_scale,norm,7621583360,7621594624,11264,0.0107421875,1.049041748046875e-05,2816,0
286,blk.12.pre_ffw_norm_2.weight,12,norm_scale,norm,7621594624,7621605888,11264,0.0107421875,1.049041748046875e-05,2816,0
287,blk.13.attn_k.weight,13,attention,attn_k,7621605888,7624849920,3244032,3.09375,0.003021240234375,2816x2048,12
288,blk.13.attn_k_norm.weight,13,norm_scale,norm,7624849920,7624850944,1024,0.0009765625,9.5367431640625e-07,256,0
289,blk.13.attn_norm.weight,13,norm_scale,norm,7624850944,7624862208,11264,0.0107421875,1.049041748046875e-05,2816,0
290,blk.13.attn_output.weight,13,attention,attn_output,7624862208,7631350272,6488064,6.1875,0.00604248046875,4096x2816,12
291,blk.13.attn_q.weight,13,attention,attn_q,7631350272,7637838336,6488064,6.1875,0.00604248046875,2816x4096,12
292,blk.13.attn_q_norm.weight,13,norm_scale,norm,7637838336,7637839360,1024,0.0009765625,9.5367431640625e-07,256,0
293,blk.13.attn_v.weight,13,attention,attn_v,7637839360,7642570240,4730880,4.51171875,0.004405975341796875,2816x2048,14
294,blk.13.ffn_down.weight,13,shared_ffn,shared_ffn_down,7642570240,7646659072,4088832,3.8994140625,0.0038080215454101562,2112x2816,6
295,blk.13.ffn_down_exps.scale,13,moe_expert,expert_down_scale,7646659072,7646659584,512,0.00048828125,4.76837158203125e-07,128,0
296,blk.13.ffn_down_exps.weight,13,moe_expert,expert_down,7646659584,7821116416,174456832,166.375,0.1624755859375,704x2816x128,6
297,blk.13.ffn_gate.weight,13,shared_ffn,shared_ffn_gate,7821116416,7824461824,3345408,3.1904296875,0.0031156539916992188,2816x2112,12
298,blk.13.ffn_gate_inp.scale,13,moe_router,router_scale,7824461824,7824473088,11264,0.0107421875,1.049041748046875e-05,2816,0
299,blk.13.ffn_gate_inp.weight,13,moe_router,router_weight,7824473088,7825914880,1441792,1.375,0.0013427734375,2816x128,0
300,blk.13.ffn_gate_up_exps.weight,13,moe_expert,expert_gate_up,7825914880,8111389696,285474816,272.25,0.265869140625,2816x1408x128,12
301,blk.13.ffn_norm.weight,13,norm_scale,norm,8111389696,8111400960,11264,0.0107421875,1.049041748046875e-05,2816,0
302,blk.13.ffn_up.weight,13,shared_ffn,shared_ffn_up,8111400960,8114746368,3345408,3.1904296875,0.0031156539916992188,2816x2112,12
303,blk.13.layer_output_scale.weight,13,norm_scale,layer_output_scale,8114746368,8114746372,4,3.814697265625e-06,3.725290298461914e-09,1,0
304,blk.13.post_attention_norm.weight,13,norm_scale,norm,8114746400,8114757664,11264,0.0107421875,1.049041748046875e-05,2816,0
305,blk.13.post_ffw_norm.weight,13,norm_scale,norm,8114757664,8114768928,11264,0.0107421875,1.049041748046875e-05,2816,0
306,blk.13.post_ffw_norm_1.weight,13,norm_scale,norm,8114768928,8114780192,11264,0.0107421875,1.049041748046875e-05,2816,0
307,blk.13.post_ffw_norm_2.weight,13,norm_scale,norm,8114780192,8114791456,11264,0.0107421875,1.049041748046875e-05,2816,0
308,blk.13.pre_ffw_norm_2.weight,13,norm_scale,norm,8114791456,8114802720,11264,0.0107421875,1.049041748046875e-05,2816,0
309,blk.14.attn_k.weight,14,attention,attn_k,8114802720,8118046752,3244032,3.09375,0.003021240234375,2816x2048,12
310,blk.14.attn_k_norm.weight,14,norm_scale,norm,8118046752,8118047776,1024,0.0009765625,9.5367431640625e-07,256,0
311,blk.14.attn_norm.weight,14,norm_scale,norm,8118047776,8118059040,11264,0.0107421875,1.049041748046875e-05,2816,0
312,blk.14.attn_output.weight,14,attention,attn_output,8118059040,8124547104,6488064,6.1875,0.00604248046875,4096x2816,12
313,blk.14.attn_q.weight,14,attention,attn_q,8124547104,8131035168,6488064,6.1875,0.00604248046875,2816x4096,12
314,blk.14.attn_q_norm.weight,14,norm_scale,norm,8131035168,8131036192,1024,0.0009765625,9.5367431640625e-07,256,0
315,blk.14.attn_v.weight,14,attention,attn_v,8131036192,8134280224,3244032,3.09375,0.003021240234375,2816x2048,12
316,blk.14.ffn_down.weight,14,shared_ffn,shared_ffn_down,8134280224,8140599328,6319104,6.0263671875,0.005885124206542969,2112x2816,8
317,blk.14.ffn_down_exps.scale,14,moe_expert,expert_down_scale,8140599328,8140599840,512,0.00048828125,4.76837158203125e-07,128,0
318,blk.14.ffn_down_exps.weight,14,moe_expert,expert_down,8140599840,8410214944,269615104,257.125,0.2510986328125,704x2816x128,8
319,blk.14.ffn_gate.weight,14,shared_ffn,shared_ffn_gate,8410214944,8413560352,3345408,3.1904296875,0.0031156539916992188,2816x2112,12
320,blk.14.ffn_gate_inp.scale,14,moe_router,router_scale,8413560352,8413571616,11264,0.0107421875,1.049041748046875e-05,2816,0
321,blk.14.ffn_gate_inp.weight,14,moe_router,router_weight,8413571616,8415013408,1441792,1.375,0.0013427734375,2816x128,0
322,blk.14.ffn_gate_up_exps.weight,14,moe_expert,expert_gate_up,8415013408,8700488224,285474816,272.25,0.265869140625,2816x1408x128,12
323,blk.14.ffn_norm.weight,14,norm_scale,norm,8700488224,8700499488,11264,0.0107421875,1.049041748046875e-05,2816,0
324,blk.14.ffn_up.weight,14,shared_ffn,shared_ffn_up,8700499488,8703844896,3345408,3.1904296875,0.0031156539916992188,2816x2112,12
325,blk.14.layer_output_scale.weight,14,norm_scale,layer_output_scale,8703844896,8703844900,4,3.814697265625e-06,3.725290298461914e-09,1,0
326,blk.14.post_attention_norm.weight,14,norm_scale,norm,8703844928,8703856192,11264,0.0107421875,1.049041748046875e-05,2816,0
327,blk.14.post_ffw_norm.weight,14,norm_scale,norm,8703856192,8703867456,11264,0.0107421875,1.049041748046875e-05,2816,0
328,blk.14.post_ffw_norm_1.weight,14,norm_scale,norm,8703867456,8703878720,11264,0.0107421875,1.049041748046875e-05,2816,0
329,blk.14.post_ffw_norm_2.weight,14,norm_scale,norm,8703878720,8703889984,11264,0.0107421875,1.049041748046875e-05,2816,0
330,blk.14.pre_ffw_norm_2.weight,14,norm_scale,norm,8703889984,8703901248,11264,0.0107421875,1.049041748046875e-05,2816,0
331,blk.15.attn_k.weight,15,attention,attn_k,8703901248,8707145280,3244032,3.09375,0.003021240234375,2816x2048,12
332,blk.15.attn_k_norm.weight,15,norm_scale,norm,8707145280,8707146304,1024,0.0009765625,9.5367431640625e-07,256,0
333,blk.15.attn_norm.weight,15,norm_scale,norm,8707146304,8707157568,11264,0.0107421875,1.049041748046875e-05,2816,0
334,blk.15.attn_output.weight,15,attention,attn_output,8707157568,8713645632,6488064,6.1875,0.00604248046875,4096x2816,12
335,blk.15.attn_q.weight,15,attention,attn_q,8713645632,8720133696,6488064,6.1875,0.00604248046875,2816x4096,12
336,blk.15.attn_q_norm.weight,15,norm_scale,norm,8720133696,8720134720,1024,0.0009765625,9.5367431640625e-07,256,0
337,blk.15.attn_v.weight,15,attention,attn_v,8720134720,8723378752,3244032,3.09375,0.003021240234375,2816x2048,12
338,blk.15.ffn_down.weight,15,shared_ffn,shared_ffn_down,8723378752,8727467584,4088832,3.8994140625,0.0038080215454101562,2112x2816,6
339,blk.15.ffn_down_exps.scale,15,moe_expert,expert_down_scale,8727467584,8727468096,512,0.00048828125,4.76837158203125e-07,128,0
340,blk.15.ffn_down_exps.weight,15,moe_expert,expert_down,8727468096,8901924928,174456832,166.375,0.1624755859375,704x2816x128,6
341,blk.15.ffn_gate.weight,15,shared_ffn,shared_ffn_gate,8901924928,8905270336,3345408,3.1904296875,0.0031156539916992188,2816x2112,12
342,blk.15.ffn_gate_inp.scale,15,moe_router,router_scale,8905270336,8905281600,11264,0.0107421875,1.049041748046875e-05,2816,0
343,blk.15.ffn_gate_inp.weight,15,moe_router,router_weight,8905281600,8906723392,1441792,1.375,0.0013427734375,2816x128,0
344,blk.15.ffn_gate_up_exps.weight,15,moe_expert,expert_gate_up,8906723392,9192198208,285474816,272.25,0.265869140625,2816x1408x128,12
345,blk.15.ffn_norm.weight,15,norm_scale,norm,9192198208,9192209472,11264,0.0107421875,1.049041748046875e-05,2816,0
346,blk.15.ffn_up.weight,15,shared_ffn,shared_ffn_up,9192209472,9195554880,3345408,3.1904296875,0.0031156539916992188,2816x2112,12
347,blk.15.layer_output_scale.weight,15,norm_scale,layer_output_scale,9195554880,9195554884,4,3.814697265625e-06,3.725290298461914e-09,1,0
348,blk.15.post_attention_norm.weight,15,norm_scale,norm,9195554912,9195566176,11264,0.0107421875,1.049041748046875e-05,2816,0
349,blk.15.post_ffw_norm.weight,15,norm_scale,norm,9195566176,9195577440,11264,0.0107421875,1.049041748046875e-05,2816,0
350,blk.15.post_ffw_norm_1.weight,15,norm_scale,norm,9195577440,9195588704,11264,0.0107421875,1.049041748046875e-05,2816,0
351,blk.15.post_ffw_norm_2.weight,15,norm_scale,norm,9195588704,9195599968,11264,0.0107421875,1.049041748046875e-05,2816,0
352,blk.15.pre_ffw_norm_2.weight,15,norm_scale,norm,9195599968,9195611232,11264,0.0107421875,1.049041748046875e-05,2816,0
353,blk.16.attn_k.weight,16,attention,attn_k,9195611232,9198855264,3244032,3.09375,0.003021240234375,2816x2048,12
354,blk.16.attn_k_norm.weight,16,norm_scale,norm,9198855264,9198856288,1024,0.0009765625,9.5367431640625e-07,256,0
355,blk.16.attn_norm.weight,16,norm_scale,norm,9198856288,9198867552,11264,0.0107421875,1.049041748046875e-05,2816,0
356,blk.16.attn_output.weight,16,attention,attn_output,9198867552,9205355616,6488064,6.1875,0.00604248046875,4096x2816,12
357,blk.16.attn_q.weight,16,attention,attn_q,9205355616,9211843680,6488064,6.1875,0.00604248046875,2816x4096,12
358,blk.16.attn_q_norm.weight,16,norm_scale,norm,9211843680,9211844704,1024,0.0009765625,9.5367431640625e-07,256,0
359,blk.16.attn_v.weight,16,attention,attn_v,9211844704,9216575584,4730880,4.51171875,0.004405975341796875,2816x2048,14
360,blk.16.ffn_down.weight,16,shared_ffn,shared_ffn_down,9216575584,9220664416,4088832,3.8994140625,0.0038080215454101562,2112x2816,6
361,blk.16.ffn_down_exps.scale,16,moe_expert,expert_down_scale,9220664416,9220664928,512,0.00048828125,4.76837158203125e-07,128,0
362,blk.16.ffn_down_exps.weight,16,moe_expert,expert_down,9220664928,9395121760,174456832,166.375,0.1624755859375,704x2816x128,6
363,blk.16.ffn_gate.weight,16,shared_ffn,shared_ffn_gate,9395121760,9398467168,3345408,3.1904296875,0.0031156539916992188,2816x2112,12
364,blk.16.ffn_gate_inp.scale,16,moe_router,router_scale,9398467168,9398478432,11264,0.0107421875,1.049041748046875e-05,2816,0
365,blk.16.ffn_gate_inp.weight,16,moe_router,router_weight,9398478432,9399920224,1441792,1.375,0.0013427734375,2816x128,0
366,blk.16.ffn_gate_up_exps.weight,16,moe_expert,expert_gate_up,9399920224,9685395040,285474816,272.25,0.265869140625,2816x1408x128,12
367,blk.16.ffn_norm.weight,16,norm_scale,norm,9685395040,9685406304,11264,0.0107421875,1.049041748046875e-05,2816,0
368,blk.16.ffn_up.weight,16,shared_ffn,shared_ffn_up,9685406304,9688751712,3345408,3.1904296875,0.0031156539916992188,2816x2112,12
369,blk.16.layer_output_scale.weight,16,norm_scale,layer_output_scale,9688751712,9688751716,4,3.814697265625e-06,3.725290298461914e-09,1,0
370,blk.16.post_attention_norm.weight,16,norm_scale,norm,9688751744,9688763008,11264,0.0107421875,1.049041748046875e-05,2816,0
371,blk.16.post_ffw_norm.weight,16,norm_scale,norm,9688763008,9688774272,11264,0.0107421875,1.049041748046875e-05,2816,0
372,blk.16.post_ffw_norm_1.weight,16,norm_scale,norm,9688774272,9688785536,11264,0.0107421875,1.049041748046875e-05,2816,0
373,blk.16.post_ffw_norm_2.weight,16,norm_scale,norm,9688785536,9688796800,11264,0.0107421875,1.049041748046875e-05,2816,0
374,blk.16.pre_ffw_norm_2.weight,16,norm_scale,norm,9688796800,9688808064,11264,0.0107421875,1.049041748046875e-05,2816,0
375,blk.17.attn_k.weight,17,attention,attn_k,9688808064,9690430080,1622016,1.546875,0.0015106201171875,2816x1024,12
376,blk.17.attn_k_norm.weight,17,norm_scale,norm,9690430080,9690432128,2048,0.001953125,1.9073486328125e-06,512,0
377,blk.17.attn_norm.weight,17,norm_scale,norm,9690432128,9690443392,11264,0.0107421875,1.049041748046875e-05,2816,0
378,blk.17.attn_output.weight,17,attention,attn_output,9690443392,9703419520,12976128,12.375,0.0120849609375,8192x2816,12
379,blk.17.attn_q.weight,17,attention,attn_q,9703419520,9716395648,12976128,12.375,0.0120849609375,2816x8192,12
380,blk.17.attn_q_norm.weight,17,norm_scale,norm,9716395648,9716397696,2048,0.001953125,1.9073486328125e-06,512,0
381,blk.17.ffn_down.weight,17,shared_ffn,shared_ffn_down,9716397696,9722716800,6319104,6.0263671875,0.005885124206542969,2112x2816,8
382,blk.17.ffn_down_exps.scale,17,moe_expert,expert_down_scale,9722716800,9722717312,512,0.00048828125,4.76837158203125e-07,128,0
383,blk.17.ffn_down_exps.weight,17,moe_expert,expert_down,9722717312,9992332416,269615104,257.125,0.2510986328125,704x2816x128,8
384,blk.17.ffn_gate.weight,17,shared_ffn,shared_ffn_gate,9992332416,9995677824,3345408,3.1904296875,0.0031156539916992188,2816x2112,12
385,blk.17.ffn_gate_inp.scale,17,moe_router,router_scale,9995677824,9995689088,11264,0.0107421875,1.049041748046875e-05,2816,0
386,blk.17.ffn_gate_inp.weight,17,moe_router,router_weight,9995689088,9997130880,1441792,1.375,0.0013427734375,2816x128,0
387,blk.17.ffn_gate_up_exps.weight,17,moe_expert,expert_gate_up,9997130880,10282605696,285474816,272.25,0.265869140625,2816x1408x128,12
388,blk.17.ffn_norm.weight,17,norm_scale,norm,10282605696,10282616960,11264,0.0107421875,1.049041748046875e-05,2816,0
389,blk.17.ffn_up.weight,17,shared_ffn,shared_ffn_up,10282616960,10285962368,3345408,3.1904296875,0.0031156539916992188,2816x2112,12
390,blk.17.layer_output_scale.weight,17,norm_scale,layer_output_scale,10285962368,10285962372,4,3.814697265625e-06,3.725290298461914e-09,1,0
391,blk.17.post_attention_norm.weight,17,norm_scale,norm,10285962400,10285973664,11264,0.0107421875,1.049041748046875e-05,2816,0
392,blk.17.post_ffw_norm.weight,17,norm_scale,norm,10285973664,10285984928,11264,0.0107421875,1.049041748046875e-05,2816,0
393,blk.17.post_ffw_norm_1.weight,17,norm_scale,norm,10285984928,10285996192,11264,0.0107421875,1.049041748046875e-05,2816,0
394,blk.17.post_ffw_norm_2.weight,17,norm_scale,norm,10285996192,10286007456,11264,0.0107421875,1.049041748046875e-05,2816,0
395,blk.17.pre_ffw_norm_2.weight,17,norm_scale,norm,10286007456,10286018720,11264,0.0107421875,1.049041748046875e-05,2816,0
396,blk.18.attn_k.weight,18,attention,attn_k,10286018720,10289262752,3244032,3.09375,0.003021240234375,2816x2048,12
397,blk.18.attn_k_norm.weight,18,norm_scale,norm,10289262752,10289263776,1024,0.0009765625,9.5367431640625e-07,256,0
398,blk.18.attn_norm.weight,18,norm_scale,norm,10289263776,10289275040,11264,0.0107421875,1.049041748046875e-05,2816,0
399,blk.18.attn_output.weight,18,attention,attn_output,10289275040,10295763104,6488064,6.1875,0.00604248046875,4096x2816,12
400,blk.18.attn_q.weight,18,attention,attn_q,10295763104,10302251168,6488064,6.1875,0.00604248046875,2816x4096,12
401,blk.18.attn_q_norm.weight,18,norm_scale,norm,10302251168,10302252192,1024,0.0009765625,9.5367431640625e-07,256,0
402,blk.18.attn_v.weight,18,attention,attn_v,10302252192,10305496224,3244032,3.09375,0.003021240234375,2816x2048,12
403,blk.18.ffn_down.weight,18,shared_ffn,shared_ffn_down,10305496224,10309585056,4088832,3.8994140625,0.0038080215454101562,2112x2816,6
404,blk.18.ffn_down_exps.scale,18,moe_expert,expert_down_scale,10309585056,10309585568,512,0.00048828125,4.76837158203125e-07,128,0
405,blk.18.ffn_down_exps.weight,18,moe_expert,expert_down,10309585568,10484042400,174456832,166.375,0.1624755859375,704x2816x128,6
406,blk.18.ffn_gate.weight,18,shared_ffn,shared_ffn_gate,10484042400,10487387808,3345408,3.1904296875,0.0031156539916992188,2816x2112,12
407,blk.18.ffn_gate_inp.scale,18,moe_router,router_scale,10487387808,10487399072,11264,0.0107421875,1.049041748046875e-05,2816,0
408,blk.18.ffn_gate_inp.weight,18,moe_router,router_weight,10487399072,10488840864,1441792,1.375,0.0013427734375,2816x128,0
409,blk.18.ffn_gate_up_exps.weight,18,moe_expert,expert_gate_up,10488840864,10774315680,285474816,272.25,0.265869140625,2816x1408x128,12
410,blk.18.ffn_norm.weight,18,norm_scale,norm,10774315680,10774326944,11264,0.0107421875,1.049041748046875e-05,2816,0
411,blk.18.ffn_up.weight,18,shared_ffn,shared_ffn_up,10774326944,10777672352,3345408,3.1904296875,0.0031156539916992188,2816x2112,12
412,blk.18.layer_output_scale.weight,18,norm_scale,layer_output_scale,10777672352,10777672356,4,3.814697265625e-06,3.725290298461914e-09,1,0
413,blk.18.post_attention_norm.weight,18,norm_scale,norm,10777672384,10777683648,11264,0.0107421875,1.049041748046875e-05,2816,0
414,blk.18.post_ffw_norm.weight,18,norm_scale,norm,10777683648,10777694912,11264,0.0107421875,1.049041748046875e-05,2816,0
415,blk.18.post_ffw_norm_1.weight,18,norm_scale,norm,10777694912,10777706176,11264,0.0107421875,1.049041748046875e-05,2816,0
416,blk.18.post_ffw_norm_2.weight,18,norm_scale,norm,10777706176,10777717440,11264,0.0107421875,1.049041748046875e-05,2816,0
417,blk.18.pre_ffw_norm_2.weight,18,norm_scale,norm,10777717440,10777728704,11264,0.0107421875,1.049041748046875e-05,2816,0
418,blk.19.attn_k.weight,19,attention,attn_k,10777728704,10780972736,3244032,3.09375,0.003021240234375,2816x2048,12
419,blk.19.attn_k_norm.weight,19,norm_scale,norm,10780972736,10780973760,1024,0.0009765625,9.5367431640625e-07,256,0
420,blk.19.attn_norm.weight,19,norm_scale,norm,10780973760,10780985024,11264,0.0107421875,1.049041748046875e-05,2816,0
421,blk.19.attn_output.weight,19,attention,attn_output,10780985024,10787473088,6488064,6.1875,0.00604248046875,4096x2816,12
422,blk.19.attn_q.weight,19,attention,attn_q,10787473088,10793961152,6488064,6.1875,0.00604248046875,2816x4096,12
423,blk.19.attn_q_norm.weight,19,norm_scale,norm,10793961152,10793962176,1024,0.0009765625,9.5367431640625e-07,256,0
424,blk.19.attn_v.weight,19,attention,attn_v,10793962176,10797206208,3244032,3.09375,0.003021240234375,2816x2048,12
425,blk.19.ffn_down.weight,19,shared_ffn,shared_ffn_down,10797206208,10801295040,4088832,3.8994140625,0.0038080215454101562,2112x2816,6
426,blk.19.ffn_down_exps.scale,19,moe_expert,expert_down_scale,10801295040,10801295552,512,0.00048828125,4.76837158203125e-07,128,0
427,blk.19.ffn_down_exps.weight,19,moe_expert,expert_down,10801295552,10975752384,174456832,166.375,0.1624755859375,704x2816x128,6
428,blk.19.ffn_gate.weight,19,shared_ffn,shared_ffn_gate,10975752384,10979097792,3345408,3.1904296875,0.0031156539916992188,2816x2112,12
429,blk.19.ffn_gate_inp.scale,19,moe_router,router_scale,10979097792,10979109056,11264,0.0107421875,1.049041748046875e-05,2816,0
430,blk.19.ffn_gate_inp.weight,19,moe_router,router_weight,10979109056,10980550848,1441792,1.375,0.0013427734375,2816x128,0
431,blk.19.ffn_gate_up_exps.weight,19,moe_expert,expert_gate_up,10980550848,11266025664,285474816,272.25,0.265869140625,2816x1408x128,12
432,blk.19.ffn_norm.weight,19,norm_scale,norm,11266025664,11266036928,11264,0.0107421875,1.049041748046875e-05,2816,0
433,blk.19.ffn_up.weight,19,shared_ffn,shared_ffn_up,11266036928,11269382336,3345408,3.1904296875,0.0031156539916992188,2816x2112,12
434,blk.19.layer_output_scale.weight,19,norm_scale,layer_output_scale,11269382336,11269382340,4,3.814697265625e-06,3.725290298461914e-09,1,0
435,blk.19.post_attention_norm.weight,19,norm_scale,norm,11269382368,11269393632,11264,0.0107421875,1.049041748046875e-05,2816,0
436,blk.19.post_ffw_norm.weight,19,norm_scale,norm,11269393632,11269404896,11264,0.0107421875,1.049041748046875e-05,2816,0
437,blk.19.post_ffw_norm_1.weight,19,norm_scale,norm,11269404896,11269416160,11264,0.0107421875,1.049041748046875e-05,2816,0
438,blk.19.post_ffw_norm_2.weight,19,norm_scale,norm,11269416160,11269427424,11264,0.0107421875,1.049041748046875e-05,2816,0
439,blk.19.pre_ffw_norm_2.weight,19,norm_scale,norm,11269427424,11269438688,11264,0.0107421875,1.049041748046875e-05,2816,0
440,blk.20.attn_k.weight,20,attention,attn_k,11269438688,11272682720,3244032,3.09375,0.003021240234375,2816x2048,12
441,blk.20.attn_k_norm.weight,20,norm_scale,norm,11272682720,11272683744,1024,0.0009765625,9.5367431640625e-07,256,0
442,blk.20.attn_norm.weight,20,norm_scale,norm,11272683744,11272695008,11264,0.0107421875,1.049041748046875e-05,2816,0
443,blk.20.attn_output.weight,20,attention,attn_output,11272695008,11279183072,6488064,6.1875,0.00604248046875,4096x2816,12
444,blk.20.attn_q.weight,20,attention,attn_q,11279183072,11285671136,6488064,6.1875,0.00604248046875,2816x4096,12
445,blk.20.attn_q_norm.weight,20,norm_scale,norm,11285671136,11285672160,1024,0.0009765625,9.5367431640625e-07,256,0
446,blk.20.attn_v.weight,20,attention,attn_v,11285672160,11290403040,4730880,4.51171875,0.004405975341796875,2816x2048,14
447,blk.20.ffn_down.weight,20,shared_ffn,shared_ffn_down,11290403040,11296722144,6319104,6.0263671875,0.005885124206542969,2112x2816,8
448,blk.20.ffn_down_exps.scale,20,moe_expert,expert_down_scale,11296722144,11296722656,512,0.00048828125,4.76837158203125e-07,128,0
449,blk.20.ffn_down_exps.weight,20,moe_expert,expert_down,11296722656,11566337760,269615104,257.125,0.2510986328125,704x2816x128,8
450,blk.20.ffn_gate.weight,20,shared_ffn,shared_ffn_gate,11566337760,11569683168,3345408,3.1904296875,0.0031156539916992188,2816x2112,12
451,blk.20.ffn_gate_inp.scale,20,moe_router,router_scale,11569683168,11569694432,11264,0.0107421875,1.049041748046875e-05,2816,0
452,blk.20.ffn_gate_inp.weight,20,moe_router,router_weight,11569694432,11571136224,1441792,1.375,0.0013427734375,2816x128,0
453,blk.20.ffn_gate_up_exps.weight,20,moe_expert,expert_gate_up,11571136224,11856611040,285474816,272.25,0.265869140625,2816x1408x128,12
454,blk.20.ffn_norm.weight,20,norm_scale,norm,11856611040,11856622304,11264,0.0107421875,1.049041748046875e-05,2816,0
455,blk.20.ffn_up.weight,20,shared_ffn,shared_ffn_up,11856622304,11859967712,3345408,3.1904296875,0.0031156539916992188,2816x2112,12
456,blk.20.layer_output_scale.weight,20,norm_scale,layer_output_scale,11859967712,11859967716,4,3.814697265625e-06,3.725290298461914e-09,1,0
457,blk.20.post_attention_norm.weight,20,norm_scale,norm,11859967744,11859979008,11264,0.0107421875,1.049041748046875e-05,2816,0
458,blk.20.post_ffw_norm.weight,20,norm_scale,norm,11859979008,11859990272,11264,0.0107421875,1.049041748046875e-05,2816,0
459,blk.20.post_ffw_norm_1.weight,20,norm_scale,norm,11859990272,11860001536,11264,0.0107421875,1.049041748046875e-05,2816,0
460,blk.20.post_ffw_norm_2.weight,20,norm_scale,norm,11860001536,11860012800,11264,0.0107421875,1.049041748046875e-05,2816,0
461,blk.20.pre_ffw_norm_2.weight,20,norm_scale,norm,11860012800,11860024064,11264,0.0107421875,1.049041748046875e-05,2816,0
462,blk.21.attn_k.weight,21,attention,attn_k,11860024064,11863268096,3244032,3.09375,0.003021240234375,2816x2048,12
463,blk.21.attn_k_norm.weight,21,norm_scale,norm,11863268096,11863269120,1024,0.0009765625,9.5367431640625e-07,256,0
464,blk.21.attn_norm.weight,21,norm_scale,norm,11863269120,11863280384,11264,0.0107421875,1.049041748046875e-05,2816,0
465,blk.21.attn_output.weight,21,attention,attn_output,11863280384,11869768448,6488064,6.1875,0.00604248046875,4096x2816,12
466,blk.21.attn_q.weight,21,attention,attn_q,11869768448,11876256512,6488064,6.1875,0.00604248046875,2816x4096,12
467,blk.21.attn_q_norm.weight,21,norm_scale,norm,11876256512,11876257536,1024,0.0009765625,9.5367431640625e-07,256,0
468,blk.21.attn_v.weight,21,attention,attn_v,11876257536,11879501568,3244032,3.09375,0.003021240234375,2816x2048,12
469,blk.21.ffn_down.weight,21,shared_ffn,shared_ffn_down,11879501568,11883590400,4088832,3.8994140625,0.0038080215454101562,2112x2816,6
470,blk.21.ffn_down_exps.scale,21,moe_expert,expert_down_scale,11883590400,11883590912,512,0.00048828125,4.76837158203125e-07,128,0
471,blk.21.ffn_down_exps.weight,21,moe_expert,expert_down,11883590912,12058047744,174456832,166.375,0.1624755859375,704x2816x128,6
472,blk.21.ffn_gate.weight,21,shared_ffn,shared_ffn_gate,12058047744,12061393152,3345408,3.1904296875,0.0031156539916992188,2816x2112,12
473,blk.21.ffn_gate_inp.scale,21,moe_router,router_scale,12061393152,12061404416,11264,0.0107421875,1.049041748046875e-05,2816,0
474,blk.21.ffn_gate_inp.weight,21,moe_router,router_weight,12061404416,12062846208,1441792,1.375,0.0013427734375,2816x128,0
475,blk.21.ffn_gate_up_exps.weight,21,moe_expert,expert_gate_up,12062846208,12348321024,285474816,272.25,0.265869140625,2816x1408x128,12
476,blk.21.ffn_norm.weight,21,norm_scale,norm,12348321024,12348332288,11264,0.0107421875,1.049041748046875e-05,2816,0
477,blk.21.ffn_up.weight,21,shared_ffn,shared_ffn_up,12348332288,12351677696,3345408,3.1904296875,0.0031156539916992188,2816x2112,12
478,blk.21.layer_output_scale.weight,21,norm_scale,layer_output_scale,12351677696,12351677700,4,3.814697265625e-06,3.725290298461914e-09,1,0
479,blk.21.post_attention_norm.weight,21,norm_scale,norm,12351677728,12351688992,11264,0.0107421875,1.049041748046875e-05,2816,0
480,blk.21.post_ffw_norm.weight,21,norm_scale,norm,12351688992,12351700256,11264,0.0107421875,1.049041748046875e-05,2816,0
481,blk.21.post_ffw_norm_1.weight,21,norm_scale,norm,12351700256,12351711520,11264,0.0107421875,1.049041748046875e-05,2816,0
482,blk.21.post_ffw_norm_2.weight,21,norm_scale,norm,12351711520,12351722784,11264,0.0107421875,1.049041748046875e-05,2816,0
483,blk.21.pre_ffw_norm_2.weight,21,norm_scale,norm,12351722784,12351734048,11264,0.0107421875,1.049041748046875e-05,2816,0
484,blk.22.attn_k.weight,22,attention,attn_k,12351734048,12354978080,3244032,3.09375,0.003021240234375,2816x2048,12
485,blk.22.attn_k_norm.weight,22,norm_scale,norm,12354978080,12354979104,1024,0.0009765625,9.5367431640625e-07,256,0
486,blk.22.attn_norm.weight,22,norm_scale,norm,12354979104,12354990368,11264,0.0107421875,1.049041748046875e-05,2816,0
487,blk.22.attn_output.weight,22,attention,attn_output,12354990368,12361478432,6488064,6.1875,0.00604248046875,4096x2816,12
488,blk.22.attn_q.weight,22,attention,attn_q,12361478432,12367966496,6488064,6.1875,0.00604248046875,2816x4096,12
489,blk.22.attn_q_norm.weight,22,norm_scale,norm,12367966496,12367967520,1024,0.0009765625,9.5367431640625e-07,256,0
490,blk.22.attn_v.weight,22,attention,attn_v,12367967520,12371211552,3244032,3.09375,0.003021240234375,2816x2048,12
491,blk.22.ffn_down.weight,22,shared_ffn,shared_ffn_down,12371211552,12375300384,4088832,3.8994140625,0.0038080215454101562,2112x2816,6
492,blk.22.ffn_down_exps.scale,22,moe_expert,expert_down_scale,12375300384,12375300896,512,0.00048828125,4.76837158203125e-07,128,0
493,blk.22.ffn_down_exps.weight,22,moe_expert,expert_down,12375300896,12549757728,174456832,166.375,0.1624755859375,704x2816x128,6
494,blk.22.ffn_gate.weight,22,shared_ffn,shared_ffn_gate,12549757728,12553103136,3345408,3.1904296875,0.0031156539916992188,2816x2112,12
495,blk.22.ffn_gate_inp.scale,22,moe_router,router_scale,12553103136,12553114400,11264,0.0107421875,1.049041748046875e-05,2816,0
496,blk.22.ffn_gate_inp.weight,22,moe_router,router_weight,12553114400,12554556192,1441792,1.375,0.0013427734375,2816x128,0
497,blk.22.ffn_gate_up_exps.weight,22,moe_expert,expert_gate_up,12554556192,12840031008,285474816,272.25,0.265869140625,2816x1408x128,12
498,blk.22.ffn_norm.weight,22,norm_scale,norm,12840031008,12840042272,11264,0.0107421875,1.049041748046875e-05,2816,0
499,blk.22.ffn_up.weight,22,shared_ffn,shared_ffn_up,12840042272,12843387680,3345408,3.1904296875,0.0031156539916992188,2816x2112,12
500,blk.22.layer_output_scale.weight,22,norm_scale,layer_output_scale,12843387680,12843387684,4,3.814697265625e-06,3.725290298461914e-09,1,0
501,blk.22.post_attention_norm.weight,22,norm_scale,norm,12843387712,12843398976,11264,0.0107421875,1.049041748046875e-05,2816,0
502,blk.22.post_ffw_norm.weight,22,norm_scale,norm,12843398976,12843410240,11264,0.0107421875,1.049041748046875e-05,2816,0
503,blk.22.post_ffw_norm_1.weight,22,norm_scale,norm,12843410240,12843421504,11264,0.0107421875,1.049041748046875e-05,2816,0
504,blk.22.post_ffw_norm_2.weight,22,norm_scale,norm,12843421504,12843432768,11264,0.0107421875,1.049041748046875e-05,2816,0
505,blk.22.pre_ffw_norm_2.weight,22,norm_scale,norm,12843432768,12843444032,11264,0.0107421875,1.049041748046875e-05,2816,0
506,blk.23.attn_k.weight,23,attention,attn_k,12843444032,12845066048,1622016,1.546875,0.0015106201171875,2816x1024,12
507,blk.23.attn_k_norm.weight,23,norm_scale,norm,12845066048,12845068096,2048,0.001953125,1.9073486328125e-06,512,0
508,blk.23.attn_norm.weight,23,norm_scale,norm,12845068096,12845079360,11264,0.0107421875,1.049041748046875e-05,2816,0
509,blk.23.attn_output.weight,23,attention,attn_output,12845079360,12858055488,12976128,12.375,0.0120849609375,8192x2816,12
510,blk.23.attn_q.weight,23,attention,attn_q,12858055488,12871031616,12976128,12.375,0.0120849609375,2816x8192,12
511,blk.23.attn_q_norm.weight,23,norm_scale,norm,12871031616,12871033664,2048,0.001953125,1.9073486328125e-06,512,0
512,blk.23.ffn_down.weight,23,shared_ffn,shared_ffn_down,12871033664,12877352768,6319104,6.0263671875,0.005885124206542969,2112x2816,8
513,blk.23.ffn_down_exps.scale,23,moe_expert,expert_down_scale,12877352768,12877353280,512,0.00048828125,4.76837158203125e-07,128,0
514,blk.23.ffn_down_exps.weight,23,moe_expert,expert_down,12877353280,13146968384,269615104,257.125,0.2510986328125,704x2816x128,8
515,blk.23.ffn_gate.weight,23,shared_ffn,shared_ffn_gate,13146968384,13150313792,3345408,3.1904296875,0.0031156539916992188,2816x2112,12
516,blk.23.ffn_gate_inp.scale,23,moe_router,router_scale,13150313792,13150325056,11264,0.0107421875,1.049041748046875e-05,2816,0
517,blk.23.ffn_gate_inp.weight,23,moe_router,router_weight,13150325056,13151766848,1441792,1.375,0.0013427734375,2816x128,0
518,blk.23.ffn_gate_up_exps.weight,23,moe_expert,expert_gate_up,13151766848,13437241664,285474816,272.25,0.265869140625,2816x1408x128,12
519,blk.23.ffn_norm.weight,23,norm_scale,norm,13437241664,13437252928,11264,0.0107421875,1.049041748046875e-05,2816,0
520,blk.23.ffn_up.weight,23,shared_ffn,shared_ffn_up,13437252928,13440598336,3345408,3.1904296875,0.0031156539916992188,2816x2112,12
521,blk.23.layer_output_scale.weight,23,norm_scale,layer_output_scale,13440598336,13440598340,4,3.814697265625e-06,3.725290298461914e-09,1,0
522,blk.23.post_attention_norm.weight,23,norm_scale,norm,13440598368,13440609632,11264,0.0107421875,1.049041748046875e-05,2816,0
523,blk.23.post_ffw_norm.weight,23,norm_scale,norm,13440609632,13440620896,11264,0.0107421875,1.049041748046875e-05,2816,0
524,blk.23.post_ffw_norm_1.weight,23,norm_scale,norm,13440620896,13440632160,11264,0.0107421875,1.049041748046875e-05,2816,0
525,blk.23.post_ffw_norm_2.weight,23,norm_scale,norm,13440632160,13440643424,11264,0.0107421875,1.049041748046875e-05,2816,0
526,blk.23.pre_ffw_norm_2.weight,23,norm_scale,norm,13440643424,13440654688,11264,0.0107421875,1.049041748046875e-05,2816,0
527,blk.24.attn_k.weight,24,attention,attn_k,13440654688,13443898720,3244032,3.09375,0.003021240234375,2816x2048,12
528,blk.24.attn_k_norm.weight,24,norm_scale,norm,13443898720,13443899744,1024,0.0009765625,9.5367431640625e-07,256,0
529,blk.24.attn_norm.weight,24,norm_scale,norm,13443899744,13443911008,11264,0.0107421875,1.049041748046875e-05,2816,0
530,blk.24.attn_output.weight,24,attention,attn_output,13443911008,13450399072,6488064,6.1875,0.00604248046875,4096x2816,12
531,blk.24.attn_q.weight,24,attention,attn_q,13450399072,13456887136,6488064,6.1875,0.00604248046875,2816x4096,12
532,blk.24.attn_q_norm.weight,24,norm_scale,norm,13456887136,13456888160,1024,0.0009765625,9.5367431640625e-07,256,0
533,blk.24.attn_v.weight,24,attention,attn_v,13456888160,13461619040,4730880,4.51171875,0.004405975341796875,2816x2048,14
534,blk.24.ffn_down.weight,24,shared_ffn,shared_ffn_down,13461619040,13465707872,4088832,3.8994140625,0.0038080215454101562,2112x2816,6
535,blk.24.ffn_down_exps.scale,24,moe_expert,expert_down_scale,13465707872,13465708384,512,0.00048828125,4.76837158203125e-07,128,0
536,blk.24.ffn_down_exps.weight,24,moe_expert,expert_down,13465708384,13640165216,174456832,166.375,0.1624755859375,704x2816x128,6
537,blk.24.ffn_gate.weight,24,shared_ffn,shared_ffn_gate,13640165216,13643510624,3345408,3.1904296875,0.0031156539916992188,2816x2112,12
538,blk.24.ffn_gate_inp.scale,24,moe_router,router_scale,13643510624,13643521888,11264,0.0107421875,1.049041748046875e-05,2816,0
539,blk.24.ffn_gate_inp.weight,24,moe_router,router_weight,13643521888,13644963680,1441792,1.375,0.0013427734375,2816x128,0
540,blk.24.ffn_gate_up_exps.weight,24,moe_expert,expert_gate_up,13644963680,13930438496,285474816,272.25,0.265869140625,2816x1408x128,12
541,blk.24.ffn_norm.weight,24,norm_scale,norm,13930438496,13930449760,11264,0.0107421875,1.049041748046875e-05,2816,0
542,blk.24.ffn_up.weight,24,shared_ffn,shared_ffn_up,13930449760,13933795168,3345408,3.1904296875,0.0031156539916992188,2816x2112,12
543,blk.24.layer_output_scale.weight,24,norm_scale,layer_output_scale,13933795168,13933795172,4,3.814697265625e-06,3.725290298461914e-09,1,0
544,blk.24.post_attention_norm.weight,24,norm_scale,norm,13933795200,13933806464,11264,0.0107421875,1.049041748046875e-05,2816,0
545,blk.24.post_ffw_norm.weight,24,norm_scale,norm,13933806464,13933817728,11264,0.0107421875,1.049041748046875e-05,2816,0
546,blk.24.post_ffw_norm_1.weight,24,norm_scale,norm,13933817728,13933828992,11264,0.0107421875,1.049041748046875e-05,2816,0
547,blk.24.post_ffw_norm_2.weight,24,norm_scale,norm,13933828992,13933840256,11264,0.0107421875,1.049041748046875e-05,2816,0
548,blk.24.pre_ffw_norm_2.weight,24,norm_scale,norm,13933840256,13933851520,11264,0.0107421875,1.049041748046875e-05,2816,0
549,blk.25.attn_k.weight,25,attention,attn_k,13933851520,13937095552,3244032,3.09375,0.003021240234375,2816x2048,12
550,blk.25.attn_k_norm.weight,25,norm_scale,norm,13937095552,13937096576,1024,0.0009765625,9.5367431640625e-07,256,0
551,blk.25.attn_norm.weight,25,norm_scale,norm,13937096576,13937107840,11264,0.0107421875,1.049041748046875e-05,2816,0
552,blk.25.attn_output.weight,25,attention,attn_output,13937107840,13943595904,6488064,6.1875,0.00604248046875,4096x2816,12
553,blk.25.attn_q.weight,25,attention,attn_q,13943595904,13950083968,6488064,6.1875,0.00604248046875,2816x4096,12
554,blk.25.attn_q_norm.weight,25,norm_scale,norm,13950083968,13950084992,1024,0.0009765625,9.5367431640625e-07,256,0
555,blk.25.attn_v.weight,25,attention,attn_v,13950084992,13954815872,4730880,4.51171875,0.004405975341796875,2816x2048,14
556,blk.25.ffn_down.weight,25,shared_ffn,shared_ffn_down,13954815872,13958904704,4088832,3.8994140625,0.0038080215454101562,2112x2816,6
557,blk.25.ffn_down_exps.scale,25,moe_expert,expert_down_scale,13958904704,13958905216,512,0.00048828125,4.76837158203125e-07,128,0
558,blk.25.ffn_down_exps.weight,25,moe_expert,expert_down,13958905216,14133362048,174456832,166.375,0.1624755859375,704x2816x128,6
559,blk.25.ffn_gate.weight,25,shared_ffn,shared_ffn_gate,14133362048,14136707456,3345408,3.1904296875,0.0031156539916992188,2816x2112,12
560,blk.25.ffn_gate_inp.scale,25,moe_router,router_scale,14136707456,14136718720,11264,0.0107421875,1.049041748046875e-05,2816,0
561,blk.25.ffn_gate_inp.weight,25,moe_router,router_weight,14136718720,14138160512,1441792,1.375,0.0013427734375,2816x128,0
562,blk.25.ffn_gate_up_exps.weight,25,moe_expert,expert_gate_up,14138160512,14423635328,285474816,272.25,0.265869140625,2816x1408x128,12
563,blk.25.ffn_norm.weight,25,norm_scale,norm,14423635328,14423646592,11264,0.0107421875,1.049041748046875e-05,2816,0
564,blk.25.ffn_up.weight,25,shared_ffn,shared_ffn_up,14423646592,14426992000,3345408,3.1904296875,0.0031156539916992188,2816x2112,12
565,blk.25.layer_output_scale.weight,25,norm_scale,layer_output_scale,14426992000,14426992004,4,3.814697265625e-06,3.725290298461914e-09,1,0
566,blk.25.post_attention_norm.weight,25,norm_scale,norm,14426992032,14427003296,11264,0.0107421875,1.049041748046875e-05,2816,0
567,blk.25.post_ffw_norm.weight,25,norm_scale,norm,14427003296,14427014560,11264,0.0107421875,1.049041748046875e-05,2816,0
568,blk.25.post_ffw_norm_1.weight,25,norm_scale,norm,14427014560,14427025824,11264,0.0107421875,1.049041748046875e-05,2816,0
569,blk.25.post_ffw_norm_2.weight,25,norm_scale,norm,14427025824,14427037088,11264,0.0107421875,1.049041748046875e-05,2816,0
570,blk.25.pre_ffw_norm_2.weight,25,norm_scale,norm,14427037088,14427048352,11264,0.0107421875,1.049041748046875e-05,2816,0
571,blk.26.attn_k.weight,26,attention,attn_k,14427048352,14430292384,3244032,3.09375,0.003021240234375,2816x2048,12
572,blk.26.attn_k_norm.weight,26,norm_scale,norm,14430292384,14430293408,1024,0.0009765625,9.5367431640625e-07,256,0
573,blk.26.attn_norm.weight,26,norm_scale,norm,14430293408,14430304672,11264,0.0107421875,1.049041748046875e-05,2816,0
574,blk.26.attn_output.weight,26,attention,attn_output,14430304672,14436792736,6488064,6.1875,0.00604248046875,4096x2816,12
575,blk.26.attn_q.weight,26,attention,attn_q,14436792736,14443280800,6488064,6.1875,0.00604248046875,2816x4096,12
576,blk.26.attn_q_norm.weight,26,norm_scale,norm,14443280800,14443281824,1024,0.0009765625,9.5367431640625e-07,256,0
577,blk.26.attn_v.weight,26,attention,attn_v,14443281824,14448012704,4730880,4.51171875,0.004405975341796875,2816x2048,14
578,blk.26.ffn_down.weight,26,shared_ffn,shared_ffn_down,14448012704,14454331808,6319104,6.0263671875,0.005885124206542969,2112x2816,8
579,blk.26.ffn_down_exps.scale,26,moe_expert,expert_down_scale,14454331808,14454332320,512,0.00048828125,4.76837158203125e-07,128,0
580,blk.26.ffn_down_exps.weight,26,moe_expert,expert_down,14454332320,14723947424,269615104,257.125,0.2510986328125,704x2816x128,8
581,blk.26.ffn_gate.weight,26,shared_ffn,shared_ffn_gate,14723947424,14727292832,3345408,3.1904296875,0.0031156539916992188,2816x2112,12
582,blk.26.ffn_gate_inp.scale,26,moe_router,router_scale,14727292832,14727304096,11264,0.0107421875,1.049041748046875e-05,2816,0
583,blk.26.ffn_gate_inp.weight,26,moe_router,router_weight,14727304096,14728745888,1441792,1.375,0.0013427734375,2816x128,0
584,blk.26.ffn_gate_up_exps.weight,26,moe_expert,expert_gate_up,14728745888,15014220704,285474816,272.25,0.265869140625,2816x1408x128,12
585,blk.26.ffn_norm.weight,26,norm_scale,norm,15014220704,15014231968,11264,0.0107421875,1.049041748046875e-05,2816,0
586,blk.26.ffn_up.weight,26,shared_ffn,shared_ffn_up,15014231968,15017577376,3345408,3.1904296875,0.0031156539916992188,2816x2112,12
587,blk.26.layer_output_scale.weight,26,norm_scale,layer_output_scale,15017577376,15017577380,4,3.814697265625e-06,3.725290298461914e-09,1,0
588,blk.26.post_attention_norm.weight,26,norm_scale,norm,15017577408,15017588672,11264,0.0107421875,1.049041748046875e-05,2816,0
589,blk.26.post_ffw_norm.weight,26,norm_scale,norm,15017588672,15017599936,11264,0.0107421875,1.049041748046875e-05,2816,0
590,blk.26.post_ffw_norm_1.weight,26,norm_scale,norm,15017599936,15017611200,11264,0.0107421875,1.049041748046875e-05,2816,0
591,blk.26.post_ffw_norm_2.weight,26,norm_scale,norm,15017611200,15017622464,11264,0.0107421875,1.049041748046875e-05,2816,0
592,blk.26.pre_ffw_norm_2.weight,26,norm_scale,norm,15017622464,15017633728,11264,0.0107421875,1.049041748046875e-05,2816,0
593,blk.27.attn_k.weight,27,attention,attn_k,15017633728,15020877760,3244032,3.09375,0.003021240234375,2816x2048,12
594,blk.27.attn_k_norm.weight,27,norm_scale,norm,15020877760,15020878784,1024,0.0009765625,9.5367431640625e-07,256,0
595,blk.27.attn_norm.weight,27,norm_scale,norm,15020878784,15020890048,11264,0.0107421875,1.049041748046875e-05,2816,0
596,blk.27.attn_output.weight,27,attention,attn_output,15020890048,15027378112,6488064,6.1875,0.00604248046875,4096x2816,12
597,blk.27.attn_q.weight,27,attention,attn_q,15027378112,15033866176,6488064,6.1875,0.00604248046875,2816x4096,12
598,blk.27.attn_q_norm.weight,27,norm_scale,norm,15033866176,15033867200,1024,0.0009765625,9.5367431640625e-07,256,0
599,blk.27.attn_v.weight,27,attention,attn_v,15033867200,15038598080,4730880,4.51171875,0.004405975341796875,2816x2048,14
600,blk.27.ffn_down.weight,27,shared_ffn,shared_ffn_down,15038598080,15044917184,6319104,6.0263671875,0.005885124206542969,2112x2816,8
601,blk.27.ffn_down_exps.scale,27,moe_expert,expert_down_scale,15044917184,15044917696,512,0.00048828125,4.76837158203125e-07,128,0
602,blk.27.ffn_down_exps.weight,27,moe_expert,expert_down,15044917696,15314532800,269615104,257.125,0.2510986328125,704x2816x128,8
603,blk.27.ffn_gate.weight,27,shared_ffn,shared_ffn_gate,15314532800,15317878208,3345408,3.1904296875,0.0031156539916992188,2816x2112,12
604,blk.27.ffn_gate_inp.scale,27,moe_router,router_scale,15317878208,15317889472,11264,0.0107421875,1.049041748046875e-05,2816,0
605,blk.27.ffn_gate_inp.weight,27,moe_router,router_weight,15317889472,15319331264,1441792,1.375,0.0013427734375,2816x128,0
606,blk.27.ffn_gate_up_exps.weight,27,moe_expert,expert_gate_up,15319331264,15604806080,285474816,272.25,0.265869140625,2816x1408x128,12
607,blk.27.ffn_norm.weight,27,norm_scale,norm,15604806080,15604817344,11264,0.0107421875,1.049041748046875e-05,2816,0
608,blk.27.ffn_up.weight,27,shared_ffn,shared_ffn_up,15604817344,15608162752,3345408,3.1904296875,0.0031156539916992188,2816x2112,12
609,blk.27.layer_output_scale.weight,27,norm_scale,layer_output_scale,15608162752,15608162756,4,3.814697265625e-06,3.725290298461914e-09,1,0
610,blk.27.post_attention_norm.weight,27,norm_scale,norm,15608162784,15608174048,11264,0.0107421875,1.049041748046875e-05,2816,0
611,blk.27.post_ffw_norm.weight,27,norm_scale,norm,15608174048,15608185312,11264,0.0107421875,1.049041748046875e-05,2816,0
612,blk.27.post_ffw_norm_1.weight,27,norm_scale,norm,15608185312,15608196576,11264,0.0107421875,1.049041748046875e-05,2816,0
613,blk.27.post_ffw_norm_2.weight,27,norm_scale,norm,15608196576,15608207840,11264,0.0107421875,1.049041748046875e-05,2816,0
614,blk.27.pre_ffw_norm_2.weight,27,norm_scale,norm,15608207840,15608219104,11264,0.0107421875,1.049041748046875e-05,2816,0
615,blk.28.attn_k.weight,28,attention,attn_k,15608219104,15611463136,3244032,3.09375,0.003021240234375,2816x2048,12
616,blk.28.attn_k_norm.weight,28,norm_scale,norm,15611463136,15611464160,1024,0.0009765625,9.5367431640625e-07,256,0
617,blk.28.attn_norm.weight,28,norm_scale,norm,15611464160,15611475424,11264,0.0107421875,1.049041748046875e-05,2816,0
618,blk.28.attn_output.weight,28,attention,attn_output,15611475424,15617963488,6488064,6.1875,0.00604248046875,4096x2816,12
619,blk.28.attn_q.weight,28,attention,attn_q,15617963488,15624451552,6488064,6.1875,0.00604248046875,2816x4096,12
620,blk.28.attn_q_norm.weight,28,norm_scale,norm,15624451552,15624452576,1024,0.0009765625,9.5367431640625e-07,256,0
621,blk.28.attn_v.weight,28,attention,attn_v,15624452576,15629183456,4730880,4.51171875,0.004405975341796875,2816x2048,14
622,blk.28.ffn_down.weight,28,shared_ffn,shared_ffn_down,15629183456,15635502560,6319104,6.0263671875,0.005885124206542969,2112x2816,8
623,blk.28.ffn_down_exps.scale,28,moe_expert,expert_down_scale,15635502560,15635503072,512,0.00048828125,4.76837158203125e-07,128,0
624,blk.28.ffn_down_exps.weight,28,moe_expert,expert_down,15635503072,15905118176,269615104,257.125,0.2510986328125,704x2816x128,8
625,blk.28.ffn_gate.weight,28,shared_ffn,shared_ffn_gate,15905118176,15908463584,3345408,3.1904296875,0.0031156539916992188,2816x2112,12
626,blk.28.ffn_gate_inp.scale,28,moe_router,router_scale,15908463584,15908474848,11264,0.0107421875,1.049041748046875e-05,2816,0
627,blk.28.ffn_gate_inp.weight,28,moe_router,router_weight,15908474848,15909916640,1441792,1.375,0.0013427734375,2816x128,0
628,blk.28.ffn_gate_up_exps.weight,28,moe_expert,expert_gate_up,15909916640,16195391456,285474816,272.25,0.265869140625,2816x1408x128,12
629,blk.28.ffn_norm.weight,28,norm_scale,norm,16195391456,16195402720,11264,0.0107421875,1.049041748046875e-05,2816,0
630,blk.28.ffn_up.weight,28,shared_ffn,shared_ffn_up,16195402720,16198748128,3345408,3.1904296875,0.0031156539916992188,2816x2112,12
631,blk.28.layer_output_scale.weight,28,norm_scale,layer_output_scale,16198748128,16198748132,4,3.814697265625e-06,3.725290298461914e-09,1,0
632,blk.28.post_attention_norm.weight,28,norm_scale,norm,16198748160,16198759424,11264,0.0107421875,1.049041748046875e-05,2816,0
633,blk.28.post_ffw_norm.weight,28,norm_scale,norm,16198759424,16198770688,11264,0.0107421875,1.049041748046875e-05,2816,0
634,blk.28.post_ffw_norm_1.weight,28,norm_scale,norm,16198770688,16198781952,11264,0.0107421875,1.049041748046875e-05,2816,0
635,blk.28.post_ffw_norm_2.weight,28,norm_scale,norm,16198781952,16198793216,11264,0.0107421875,1.049041748046875e-05,2816,0
636,blk.28.pre_ffw_norm_2.weight,28,norm_scale,norm,16198793216,16198804480,11264,0.0107421875,1.049041748046875e-05,2816,0
637,blk.29.attn_k.weight,29,attention,attn_k,16198804480,16200426496,1622016,1.546875,0.0015106201171875,2816x1024,12
638,blk.29.attn_k_norm.weight,29,norm_scale,norm,16200426496,16200428544,2048,0.001953125,1.9073486328125e-06,512,0
639,blk.29.attn_norm.weight,29,norm_scale,norm,16200428544,16200439808,11264,0.0107421875,1.049041748046875e-05,2816,0
640,blk.29.attn_output.weight,29,attention,attn_output,16200439808,16213415936,12976128,12.375,0.0120849609375,8192x2816,12
641,blk.29.attn_q.weight,29,attention,attn_q,16213415936,16226392064,12976128,12.375,0.0120849609375,2816x8192,12
642,blk.29.attn_q_norm.weight,29,norm_scale,norm,16226392064,16226394112,2048,0.001953125,1.9073486328125e-06,512,0
643,blk.29.ffn_down.weight,29,shared_ffn,shared_ffn_down,16226394112,16232713216,6319104,6.0263671875,0.005885124206542969,2112x2816,8
644,blk.29.ffn_down_exps.scale,29,moe_expert,expert_down_scale,16232713216,16232713728,512,0.00048828125,4.76837158203125e-07,128,0
645,blk.29.ffn_down_exps.weight,29,moe_expert,expert_down,16232713728,16502328832,269615104,257.125,0.2510986328125,704x2816x128,8
646,blk.29.ffn_gate.weight,29,shared_ffn,shared_ffn_gate,16502328832,16505674240,3345408,3.1904296875,0.0031156539916992188,2816x2112,12
647,blk.29.ffn_gate_inp.scale,29,moe_router,router_scale,16505674240,16505685504,11264,0.0107421875,1.049041748046875e-05,2816,0
648,blk.29.ffn_gate_inp.weight,29,moe_router,router_weight,16505685504,16507127296,1441792,1.375,0.0013427734375,2816x128,0
649,blk.29.ffn_gate_up_exps.weight,29,moe_expert,expert_gate_up,16507127296,16792602112,285474816,272.25,0.265869140625,2816x1408x128,12
650,blk.29.ffn_norm.weight,29,norm_scale,norm,16792602112,16792613376,11264,0.0107421875,1.049041748046875e-05,2816,0
651,blk.29.ffn_up.weight,29,shared_ffn,shared_ffn_up,16792613376,16795958784,3345408,3.1904296875,0.0031156539916992188,2816x2112,12
652,blk.29.layer_output_scale.weight,29,norm_scale,layer_output_scale,16795958784,16795958788,4,3.814697265625e-06,3.725290298461914e-09,1,0
653,blk.29.post_attention_norm.weight,29,norm_scale,norm,16795958816,16795970080,11264,0.0107421875,1.049041748046875e-05,2816,0
654,blk.29.post_ffw_norm.weight,29,norm_scale,norm,16795970080,16795981344,11264,0.0107421875,1.049041748046875e-05,2816,0
655,blk.29.post_ffw_norm_1.weight,29,norm_scale,norm,16795981344,16795992608,11264,0.0107421875,1.049041748046875e-05,2816,0
656,blk.29.post_ffw_norm_2.weight,29,norm_scale,norm,16795992608,16796003872,11264,0.0107421875,1.049041748046875e-05,2816,0
657,blk.29.pre_ffw_norm_2.weight,29,norm_scale,norm,16796003872,16796015136,11264,0.0107421875,1.049041748046875e-05,2816,0
